gid,clave_de_centro_de_trabajo,nombre_de_centro_de_trabajo,latitud,longitud,tipo_de_vialidad,nombre_de_calle,numero_exterior,numero_interior,nombre_del_proveedor_mc,tipo_de_conectividad,estatus
114965T,09NDI0460T,CENDI GDF S.G.P. Y V.N. NO. 1,19.42536778,-99.11746972,CALLE,CECILIO ROBELO,SIN NÚMERO,SIN NÚMERO,TOTAL PLAY,TERRESTRE,EN PROCESO DE INSTALACIÓN
114964T,09NDI0463Q,CENDI SP S.C.J. DE LA NACION GLORIA LEON ORANTES,19.42901972,-99.11550222,PROLONGACIÓN,ING. EDUARDO MOLINA,SIN NÚMERO,SIN NÚMERO,TOTAL PLAY,TERRESTRE,EN PROCESO DE INSTALACIÓN
114963T,09NDI0167P,CENDI GDF LUZ OLIVEROS SARMINA,19.45063222,-99.11025889,CALLE,ING. EDUARDO MOLINA,SIN NÚMERO,SIN NÚMERO,TOTAL PLAY,TERRESTRE,EN PROCESO DE INSTALACIÓN
114962T,09NDI0604Z,CENDI GDF NO. 28,19.42250611,-99.12149167,PROLONGACIÓN,LUCAS ALAMAN,11,SIN NÚMERO,TOTAL PLAY,TERRESTRE,EN PROCESO DE INSTALACIÓN
114961T,09NDI0321S,ESTANCIA PARA EL BIENESTAR Y DESARROLLO INFANTIL NÚMERO 43,19.42403417,-99.11857833,CALLE,STAND DE TIRO,SIN NÚMERO,SIN NÚMERO,TOTAL PLAY,TERRESTRE,EN PROCESO DE INSTALACIÓN
114960T,09NDI0242F,CENTRO DE DESARROLLO INFANTIL BENITO JUAREZ GARCIA,19.42846611,-99.12378056,CALLE,SANTA ESCUELA,104,SIN NÚMERO,TOTAL PLAY,TERRESTRE,EN PROCESO DE INSTALACIÓN
114959T,09DSN0030J,FRAY JOSE SERVANDO TERESA DE MIER NORIEGA Y GUERRA,19.42234611,-99.11846889,CALLE,SUR 103,1034,SIN NÚMERO,TOTAL PLAY,TERRESTRE,EN PROCESO DE INSTALACIÓN
114958T,09DPR2100A,PRESIDENTE JOHN F KENNEDY,19.4224425,-99.1187125,CALLE,FRAY SERVANDO TERESA DE MIER,SIN NÚMERO,SIN NÚMERO,TOTAL PLAY,TERRESTRE,EN PROCESO DE INSTALACIÓN
114957T,09NDI0151O,CENDI GDF AMERICA,19.40483306,-99.20230778,CALLE,SUR 128,SIN NÚMERO,SIN NÚMERO,TOTAL PLAY,TERRESTRE,EN PROCESO DE INSTALACIÓN
114956T,09NDI0689W,CENDI NIÑOS HEROES DE CHAPULTEPEC NO. TRES,19.407269,-99.190754,CALLE,CAMPO MILITAR,1,A,TOTAL PLAY,TERRESTRE,EN PROCESO DE INSTALACIÓN
114955T,09DJN0275M,PLUTARCO ELIAS CALLES,19.4450675,-99.21827333,CALLE,RETORNO MIGUEL LANTZ DURET,24,SIN NÚMERO,TOTAL PLAY,TERRESTRE,EN PROCESO DE INSTALACIÓN
114954T,09NDI0159G,CENDI GDF LEGARIA,19.45038139,-99.20322944,CALZADA,LEGARIA,373,SIN NÚMERO,TOTAL PLAY,TERRESTRE,EN PROCESO DE INSTALACIÓN
114953T,09NJN1085I,JARDIN DE NIÑOS AGUSTIN MELGAR,19.407269,-99.190754,AVENIDA,DEL CONSCRIPTO PUERTA,3,SIN NÚMERO,TOTAL PLAY,TERRESTRE,EN PROCESO DE INSTALACIÓN
114952T,09NDI0062V,CENDI SE SDN NIÑOS HEROES DE CHAPULTEPEC,19.43896083,-99.21652389,AVENIDA,GENERAL JUAN CABRAL,SIN NÚMERO,SIN NÚMERO,TOTAL PLAY,TERRESTRE,EN PROCESO DE INSTALACIÓN
114951T,09NDI0576T,CENDI GDF SAN MIGUEL CHAPULTEPEC,19.39583111,-99.2262825,AVENIDA,CONSITUYENTES,SIN NÚMERO,SIN NÚMERO,TOTAL PLAY,TERRESTRE,EN PROCESO DE INSTALACIÓN
114950T,09NDI0085F,CENDI IMSS 9 TIPO B,19.44470944,-99.21472361,CALLE,PRESA SALINILLAS,SIN NÚMERO,SIN NÚMERO,TOTAL PLAY,TERRESTRE,EN PROCESO DE INSTALACIÓN
114949T,09NDI0690L,CENDI NIÑOS HEROES DE CHAPULTEPEC NO. DOS,19.43511417,-99.21909583,CALLE,DOMICILIO CONOCIDO,SIN NÚMERO,SIN NÚMERO,TOTAL PLAY,TERRESTRE,EN PROCESO DE INSTALACIÓN
114948T,09NDI0110O,CENDI SP LOTERIA NACIONAL,19.43694861,-99.14955972,CALLE,BASILIO BADILLO,45,SIN NÚMERO,TOTAL PLAY,TERRESTRE,EN PROCESO DE INSTALACIÓN
114947T,09NDI0003F,ESTANCIA PARA EL BIENESTAR Y DESARROLLO INFANTIL NÚMERO 10,19.43916917,-99.15543056,CALLE,EZEQUIEL MONTES,111,SIN NÚMERO,TOTAL PLAY,TERRESTRE,EN PROCESO DE INSTALACIÓN
114946T,09DPR2342Y,RODOLFO MENENDEZ,19.43613944,-99.12889028,CALLE,SAN ILDEFONSO,59,SIN NÚMERO,TOTAL PLAY,TERRESTRE,EN PROCESO DE INSTALACIÓN
114945T,09DJN0311A,TONATIUH,19.43421139,-99.12642694,CALLE,REPÚBLICA DE GUATEMALA,124,SIN NÚMERO,TOTAL PLAY,TERRESTRE,EN PROCESO DE INSTALACIÓN
114944T,09DBN0094U,PABLO MORENO,19.43935333,-99.13262083,CALLE,REPÚBLICA DE BOLIVIA,12,SIN NÚMERO,TOTAL PLAY,TERRESTRE,EN PROCESO DE INSTALACIÓN
114943T,09DES4007B,JOSE MANUEL RAMOS,19.42580944,-99.13526833,CALLE,5 DE FEBRERO,90,SIN NÚMERO,TOTAL PLAY,TERRESTRE,EN PROCESO DE INSTALACIÓN
114942T,09DES4006C,CARLOTA JASO,19.43638111,-99.12997167,CALLE,SAN IDELFONSO,46,SIN NÚMERO,TOTAL PLAY,TERRESTRE,EN PROCESO DE INSTALACIÓN
114941T,09DPR2146W,REPUBLICA DE PANAMA,19.43741444,-99.12927611,CALLE,CARMEN,39,SIN NÚMERO,TOTAL PLAY,TERRESTRE,EN PROCESO DE INSTALACIÓN
114940T,09NDI0688X,CENDI GLORIA LEDUC DE AGÜERO,19.43439583,-99.14310611,AVENIDA,JUAREZ,8,SIN NÚMERO,TOTAL PLAY,TERRESTRE,EN PROCESO DE INSTALACIÓN
114939T,09NDI0622O,CENDI GDF PINGUI,19.43702889,-99.12835028,CALLE,REPÚBLICA DE VENEZUELA,72,SIN NÚMERO,TOTAL PLAY,TERRESTRE,EN PROCESO DE INSTALACIÓN
114938T,09NDI0462R,CENDI ARTICULO 123 CONSTITUCIONAL DE LA SCJ DE LA NACION,19.42300778,-99.13681139,CALLE,CHIMALPOPOCA,112,SIN NÚMERO,TOTAL PLAY,TERRESTRE,EN PROCESO DE INSTALACIÓN
114937T,09NDI0331Z,CENDI SE PRESIDENCIA DE LA REPUBLICA,19.42682389,-99.12953,CALLE,REPÚBLICA DE GUATEMALA,84,SIN NÚMERO,TOTAL PLAY,TERRESTRE,EN PROCESO DE INSTALACIÓN
114936T,09NDI0306Z,CENDI ING. FERNANDO ESPINO AREVALO,19.42801111,-99.14393528,CALLE,DELICIAS,45,SIN NÚMERO,TOTAL PLAY,TERRESTRE,EN PROCESO DE INSTALACIÓN
114935T,09NDI0266P,CENDI PUGIBET,19.42972722,-99.14420583,CALLE,PUGIBET,21,SIN NÚMERO,TOTAL PLAY,TERRESTRE,EN PROCESO DE INSTALACIÓN
114934T,09NDI0258G,CENDI PROFA GRISELDA ALVAREZ,19.44085,-99.13554583,CALLE,HONDURAS,43,SIN NÚMERO,TOTAL PLAY,TERRESTRE,EN PROCESO DE INSTALACIÓN
114933T,09NDI0256I,CENDI SAN LUCAS,19.42435722,-99.13169361,CALLE,NEZAHUALCÓYOTL,SIN NÚMERO,SIN NÚMERO,TOTAL PLAY,TERRESTRE,EN PROCESO DE INSTALACIÓN
114932T,09NDI0251N,CENDI MIXCALCO,19.43449306,-99.12584167,CALLE,MANUEL DOBLADO,SIN NÚMERO,SIN NÚMERO,TOTAL PLAY,TERRESTRE,EN PROCESO DE INSTALACIÓN
114931T,09NDI0097K,CENDI IMSS 23 TIPO B,19.42845861,-99.14847056,CALLE,BALDERAS,126,A,TOTAL PLAY,TERRESTRE,EN PROCESO DE INSTALACIÓN
114930T,09DES0245B,ANGEL TRIAS ALVAREZ,19.44243083,-99.13225361,CALLE,REPÚBLICA DE ECUADOR,SIN NÚMERO,SIN NÚMERO,TOTAL PLAY,TERRESTRE,EN PROCESO DE INSTALACIÓN
114929T,09NDI0391N,ESTANCIA PARA EL BIENESTAR Y DESARROLLO INFANTIL NÚMERO 12,19.45137833,-99.1408425,CALLE,LERDO,SIN NÚMERO,SIN NÚMERO,TOTAL PLAY,TERRESTRE,EN PROCESO DE INSTALACIÓN
114928T,09NDI0100H,CENDI IMSS 26 TIPO B,19.45453167,-99.14030667,CALLE,DEPORTIVO 5 DE MAYO,SIN NÚMERO,SIN NÚMERO,TOTAL PLAY,TERRESTRE,EN PROCESO DE INSTALACIÓN
114927T,09NDI0019G,ESTANCIA PARA EL BIENESTAR Y DESARROLLO INFANTIL NÚMERO 11,19.45701639,-99.14736806,CALLE,MANUEL GONZÁLEZ,430,SIN NÚMERO,TOTAL PLAY,TERRESTRE,EN PROCESO DE INSTALACIÓN
114926T,09UDI0002Q,CENDI MASCARONES UNAM,19.44116111,-99.12968528,CALLE,AMADO NERVO,72,SIN NÚMERO,TOTAL PLAY,TERRESTRE,EN PROCESO DE INSTALACIÓN
114925T,09NDI0395J,CENDI IMSS 21 TIPO B,19.43329556,-99.15982667,CALLE,SADI CARNOT,113 Y 115,SIN NÚMERO,TOTAL PLAY,TERRESTRE,EN PROCESO DE INSTALACIÓN
114924T,09DJN0728X,XOCHIPILLI,19.42040667,-99.13579194,CALLE,5 DE FEBRERO,188,SIN NÚMERO,TOTAL PLAY,TERRESTRE,EN PROCESO DE INSTALACIÓN
114923T,09NDI0082I,ESTANCIA PARA EL BIENESTAR Y DESARROLLO INFANTIL NÚMERO 151,19.42078556,-99.13427528,CALLE,LUCAS ALAMAN,178,SIN NÚMERO,TOTAL PLAY,TERRESTRE,EN PROCESO DE INSTALACIÓN
114922T,09DSN0003M,BATALLON DE SAN PATRICIO,19.42493833,-99.15812111,AVENIDA,CHAPULTEPEC,183,SIN NÚMERO,TOTAL PLAY,TERRESTRE,EN PROCESO DE INSTALACIÓN
114921T,09DSN0002N,GUADALUPE RUSS MONDRAGON,19.42727722,-99.15755722,CALLE,LIVERPOOL,40,SIN NÚMERO,TOTAL PLAY,TERRESTRE,EN PROCESO DE INSTALACIÓN
114920T,09DJN0726Z,GUADALUPE CAMPOS SOLIS,19.42857083,-99.15405944,CALLE,ABRAHAM GONZÁLEZ,80,SIN NÚMERO,TOTAL PLAY,TERRESTRE,EN PROCESO DE INSTALACIÓN
114919T,09NDI0261U,CENDI INSURGENTES,19.42454778,-99.1656025,CALLE,LONDRES,154,SIN NÚMERO,TOTAL PLAY,TERRESTRE,EN PROCESO DE INSTALACIÓN
114918T,09NDI0248Z,CENDI JUAREZ,19.42564417,-99.15509528,AVENIDA,CHAPULTEPEC,SIN NÚMERO,SIN NÚMERO,TOTAL PLAY,TERRESTRE,EN PROCESO DE INSTALACIÓN
114917T,09DPR2420L,FRAY LUIS DE LEON,19.442175,-99.14646222,CALLE,PEDRO MORENO,141,SIN NÚMERO,TOTAL PLAY,TERRESTRE,EN PROCESO DE INSTALACIÓN
114916T,09DBN0121A,DR. BELISARIO DOMINGUEZ,19.4390075,-99.14722778,CALLE,HEROES,25,SIN NÚMERO,TOTAL PLAY,TERRESTRE,EN PROCESO DE INSTALACIÓN
114915T,09DPR2321L,IGNACIO M. ALTAMIRANO,19.43946583,-99.14712333,CALLE,HEROES,27,SIN NÚMERO,TOTAL PLAY,TERRESTRE,EN PROCESO DE INSTALACIÓN
114914T,09DJN0749J,MA. DE LA LUZ RIVERA DE YSUNZA,19.44570361,-99.14174333,CERRADA,DE CAMELIA,9,SIN NÚMERO,TOTAL PLAY,TERRESTRE,EN PROCESO DE INSTALACIÓN
114913T,09DJN0744O,AMADO NERVO,19.44384917,-99.14453889,CALLE,MOCTEZUMA,123,SIN NÚMERO,TOTAL PLAY,TERRESTRE,EN PROCESO DE INSTALACIÓN
114912T,09DJN0743P,HERBERT SPENCER,19.44102806,-99.14677056,CALLE,HEROES,53,SIN NÚMERO,TOTAL PLAY,TERRESTRE,EN PROCESO DE INSTALACIÓN
114911T,09NDI0535T,CENDI GDF NO. 6,19.44289056,-99.15221444,CALLE,LUIS D. COLOSIO,SIN NÚMERO,SIN NÚMERO,TOTAL PLAY,TERRESTRE,EN PROCESO DE INSTALACIÓN
114910T,09NDI0488Z,CENDI SE GOBERNACION MARGARITA MAZA JUAREZ,19.44044972,-99.14709389,CALLE,HEROES,44,SIN NÚMERO,TOTAL PLAY,TERRESTRE,EN PROCESO DE INSTALACIÓN
114909T,09NDI0377U,CENDI P.G.R.,19.44082194,-99.14128139,CALLE,PEDRO MORENO,109,SIN NÚMERO,TOTAL PLAY,TERRESTRE,EN PROCESO DE INSTALACIÓN
114908T,09NDI0267O,CENDI MARTINEZ DE LA TORRE,19.44558556,-99.14450778,CALLE,DEGOLLADO,SIN NÚMERO,SIN NÚMERO,TOTAL PLAY,TERRESTRE,EN PROCESO DE INSTALACIÓN
114907T,09NDI0106B,CENDI IMSS 32 TIPO B,19.45276583,-99.14741917,CALLE,RICARDO F MAGON Y ZARAGOZA,298,SIN NÚMERO,TOTAL PLAY,TERRESTRE,EN PROCESO DE INSTALACIÓN
114906T,09NDI0009Z,ESTANCIA PARA EL BIENESTAR Y DESARROLLO INFANTIL NÚMERO 95,19.44012722,-99.14604889,CALLE,ZARCO,47,SIN NÚMERO,TOTAL PLAY,TERRESTRE,EN PROCESO DE INSTALACIÓN
114905T,09NDI0005D,CENDI SE S.R.E. ROSARIO CASTELLANOS,19.44979194,-99.13705278,CALLE,RICARDO FLORES MAGÓN,2,SIN NÚMERO,TOTAL PLAY,TERRESTRE,EN PROCESO DE INSTALACIÓN
114904T,09DPR1319Q,REVOLUCION,19.42712667,-99.14809361,CALLE,ARCOS DE BELÉN,82,SIN NÚMERO,TOTAL PLAY,TERRESTRE,EN PROCESO DE INSTALACIÓN
114903T,09DJN0742Q,ANEXO CENTRO ESCOLAR REVOLUCION,19.42695917,-99.14748833,CALLE,ARCOS DE BELÉN,SIN NÚMERO,SIN NÚMERO,TOTAL PLAY,TERRESTRE,EN PROCESO DE INSTALACIÓN
114902T,09NDI0581E,CENDI IMSS 46 TIPO B,19.43743972,-99.16072611,CALLE,GUILLERMO PRIETO,18,SIN NÚMERO,TOTAL PLAY,TERRESTRE,EN PROCESO DE INSTALACIÓN
114901T,09NDI0477T,CENDI IMSS 35 TIPO B,19.42290083,-99.17065611,AVENIDA,SEVILLA,33,SIN NÚMERO,TOTAL PLAY,TERRESTRE,EN PROCESO DE INSTALACIÓN
114900T,09NDI0257H,CENDI ISABEL LA CATOLICA,19.42713,-99.13712778,CALLE,BERNARDO COUTO,SIN NÚMERO,SIN NÚMERO,TOTAL PLAY,TERRESTRE,EN PROCESO DE INSTALACIÓN
114899T,09DPR2465H,ENRIQUE C. REBSAMEN,19.25456972,-99.01170694,CALLE,IGNACIO ZARAGOZA,SIN NÚMERO,SIN NÚMERO,TOTAL PLAY,TERRESTRE,EN PROCESO DE INSTALACIÓN
114898T,09DPR2684U,CRISTOBAL COLON,19.24846694,-99.12363667,AVENIDA,DEL TRABAJO Y CUAUHTEMOC,SIN NÚMERO,SIN NÚMERO,TOTAL PLAY,TERRESTRE,EN PROCESO DE INSTALACIÓN
114897T,09DJN1252I,TLAHUIZ,19.24752167,-99.11987167,PROLONGACIÓN,AQUILES SERDAN,SIN NÚMERO,SIN NÚMERO,TOTAL PLAY,TERRESTRE,EN PROCESO DE INSTALACIÓN
114896T,09NDI0665M,CENDI GDF SANTIAGO TEPALCATLALPAN,19.24580583,-99.11869333,CALLE,2DA. DE AQUILES SERDÁN,10,SIN NÚMERO,TOTAL PLAY,TERRESTRE,EN PROCESO DE INSTALACIÓN
114895T,09DPR2720I,CARLOS GARCIA,19.24382083,-99.09341167,CALLE,NARCISO MENDOZA,19,SIN NÚMERO,TOTAL PLAY,TERRESTRE,EN PROCESO DE INSTALACIÓN
114894T,09DSN0080R,NICOLAS BRAVO,19.263462,-99.104913,CALLE,ISIDRO TAPIA,SIN NÚMERO,SIN NÚMERO,TOTAL PLAY,TERRESTRE,EN PROCESO DE INSTALACIÓN
114893T,09DPR2013F,JUAREZ Y CONSTITUCION,19.263462,-99.104913,CALLE,FRANCISCO PRESA 3,SIN NÚMERO,SIN NÚMERO,TOTAL PLAY,TERRESTRE,EN PROCESO DE INSTALACIÓN
114856T,09DES4180J,OCTAVIO PAZ,19.24612778,-99.11409639,CAMINO,CAMINO REAL MATEO Y ACUEDUCTO,SIN NÚMERO,SIN NÚMERO,TOTAL PLAY,TERRESTRE,EN PROCESO DE INSTALACIÓN
114855T,09DJN1221P,CALLIALTEPEC,19.263462,-99.104913,CALLE,PARAJE DE TLACHIULTEPEC,SIN NÚMERO,SIN NÚMERO,TOTAL PLAY,TERRESTRE,EN PROCESO DE INSTALACIÓN
114854T,09DJN1212H,IGNACIO RAMIREZ,19.25430944,-99.01106528,CALLE,HERMENEGILDO GALEANA,11,SIN NÚMERO,TOTAL PLAY,TERRESTRE,VISITA FALLIDA
114853T,09DST0112D,ESCUELA SECUNDARIA TECNICA 112,19.27162611,-99.23578833,CERRADA,SABINO,SIN NÚMERO,SIN NÚMERO,TOTAL PLAY,TERRESTRE,INSTALADO
114852T,09DST0019Y,ESCUELA SECUNDARIA TECNICA 19,19.2684,-99.22362,CALLE,CUERVO,SIN NÚMERO,SIN NÚMERO,TOTAL PLAY,TERRESTRE,INSTALADO
114851T,09DPR1997O,TIBURCIO MONTIEL,19.25331222,-99.17312778,CALLE,5 DE MAYO,55,SIN NÚMERO,TOTAL PLAY,TERRESTRE,VISITA FALLIDA
114850T,09DPR1988G,CAJEME,19.25074806,-99.17150917,CALLE,MORELOS,10,SIN NÚMERO,TOTAL PLAY,TERRESTRE,VISITA FALLIDA
114849T,09DJN0559S,CUAUHTEMOC,19.25243222,-99.1734825,CALLE,REFORMA,SIN NÚMERO,SIN NÚMERO,TOTAL PLAY,TERRESTRE,INSTALADO
114848T,09DES0324O,ALFONSO CASO ANDRADE,19.28225528,-99.03974333,AVENIDA,GUILLERMO PRIETO,SIN NÚMERO,SIN NÚMERO,TOTAL PLAY,TERRESTRE,EN PROCESO DE INSTALACIÓN
114847T,09DSN0084N,JUAN PALOMO MARTINEZ,19.29377694,-98.99623194,EJE VIAL,10 SUR,SIN NÚMERO,SIN NÚMERO,TOTAL PLAY,TERRESTRE,EN PROCESO DE INSTALACIÓN
114846T,09DJN1382B,YOACALLI,19.28544167,-98.99672667,CALLE,MAR DE LOS VAPORES,SIN NÚMERO,SIN NÚMERO,TOTAL PLAY,TERRESTRE,VISITA FALLIDA
114845T,09DES4304B,JUAN RULFO,19.30500056,-99.04204278,CALLE,MANUEL M LÓPEZ,SIN NÚMERO,SIN NÚMERO,TOTAL PLAY,TERRESTRE,EN PROCESO DE INSTALACIÓN
114844T,09DJN1056G,LIC. JESUS REYES HEROLES,19.29387611,-99.05854083,AVENIDA,GITANA,SIN NÚMERO,SIN NÚMERO,TOTAL PLAY,TERRESTRE,EN PROCESO DE INSTALACIÓN
114843T,09DES4154L,REPUBLICA DE CUBA,19.29158861,-99.01321972,CALLE,OJO DE AGUA,SIN NÚMERO,SIN NÚMERO,TOTAL PLAY,TERRESTRE,EN PROCESO DE INSTALACIÓN
114842T,09DJN1408T,ARBOLEDAS,19.31145528,-99.04744611,CALLE,SANTA CRUZ,SIN NÚMERO,SIN NÚMERO,TOTAL PLAY,TERRESTRE,EN PROCESO DE INSTALACIÓN
114841T,09DPR2074T,GREGORIO TORRES QUINTERO,19.27072972,-98.99850111,CALLE,FRANCISCO JAVIER MINA,SIN NÚMERO,SIN NÚMERO,TOTAL PLAY,TERRESTRE,EN PROCESO DE INSTALACIÓN
114840T,09DPR4003M,LUIS PENICHE VALLADO,19.31221972,-99.03796306,AVENIDA,CECILIO ACOSTA,SIN NÚMERO,SIN NÚMERO,TOTAL PLAY,TERRESTRE,VISITA FALLIDA
114839T,09DJN1383A,CHANTICO,19.30436833,-99.04056472,CALLE,FF.CC. RAFAEL ATLIXCO,SIN NÚMERO,SIN NÚMERO,TOTAL PLAY,TERRESTRE,VISITA FALLIDA
114838T,09DJN1206X,CITLALI,19.29621889,-99.03612167,CARRETERA,CARRETERA TLÁHUAC KILÓMETRO 22.5,SIN NÚMERO,SIN NÚMERO,TOTAL PLAY,TERRESTRE,VISITA FALLIDA
114769T,09DPR2056D,PLAN DE GUADALUPE,19.29681722,-99.03725389,CALLE,RICARDO FLORES MAGÓN,SIN NÚMERO,SIN NÚMERO,TOTAL PLAY,TERRESTRE,EN PROCESO DE INSTALACIÓN
114760T,09DPR5133M,JAIME SABINES,19.30328917,-99.03748806,AVENIDA,SAN RAFAEL ATLIXCO,3490,SIN NÚMERO,TOTAL PLAY,TERRESTRE,EN PROCESO DE INSTALACIÓN
114789T,09DPR0019M,DANIEL COSIO VILLEGAS,19.31200667,-99.03766361,AVENIDA,CECILIO ACOSTA,SIN NÚMERO,SIN NÚMERO,TOTAL PLAY,TERRESTRE,EN PROCESO DE INSTALACIÓN
114788T,09DST0102X,ESCUELA SECUNDARIA TECNICA 102,19.270566,-99.004846,CALLE,GUADALAJARA,SIN NÚMERO,SIN NÚMERO,TOTAL PLAY,TERRESTRE,EN PROCESO DE INSTALACIÓN
114786T,09DJN1243A,JUAN E. HERNANDEZ Y DAVALOS,19.24615417,-98.99540583,CALLE,MIGUEL NEGRETE,SIN NÚMERO,SIN NÚMERO,TOTAL PLAY,TERRESTRE,EN PROCESO DE INSTALACIÓN
114775T,09DES4162U,FRANCISCO MONTERDE,19.24223083,-98.99336222,CALLE,ÁLVARO OBREGÓN,SIN NÚMERO,SIN NÚMERO,TOTAL PLAY,TERRESTRE,EN PROCESO DE INSTALACIÓN
114772T,09DJN1163P,TEZCATLIPOCA,19.29201611,-99.03919167,CALLE,ADOLFO UNDA,SIN NÚMERO,SIN NÚMERO,TOTAL PLAY,TERRESTRE,EN PROCESO DE INSTALACIÓN
114771T,09DPR2575N,PLAN DE AYALA,19.29394111,-99.01454556,CALLE,VICENTE GUERRERO,8,SIN NÚMERO,TOTAL PLAY,TERRESTRE,EN PROCESO DE INSTALACIÓN
114770T,09DJN1397D,YAXCHE,19.29723833,-99.05666361,CALLE,GITANA,SIN NÚMERO,SIN NÚMERO,TOTAL PLAY,TERRESTRE,EN PROCESO DE INSTALACIÓN
114768T,09DJN0690A,BRIGIDA GARCIA DE JUAREZ,19.29708611,-99.06161056,CALLE,JOSÉ LUGO GUERRERO,SIN NÚMERO,SIN NÚMERO,TOTAL PLAY,TERRESTRE,EN PROCESO DE INSTALACIÓN
114766T,09DPR2251G,MA. MAGDALENA PACHECO BLANCO,19.29682028,-99.06253833,CALLE,LA TURBA,198,SIN NÚMERO,TOTAL PLAY,TERRESTRE,EN PROCESO DE INSTALACIÓN
114765T,09NDI0115J,CENDI GDF TLAHUAC,19.26812472,-99.00476333,CALLE,HERMENEGILDO GALEANA,122,SIN NÚMERO,TOTAL PLAY,TERRESTRE,EN PROCESO DE INSTALACIÓN
114764T,09DPR4513O,SALVADOR NAVA MARTINEZ,19.37079028,-99.24064806,AVENIDA,DIAZ ORDAZ,SIN NÚMERO,SIN NÚMERO,TOTAL PLAY,TERRESTRE,EN PROCESO DE INSTALACIÓN
114763T,09DJN1278Q,YOLOPATLI,19.3706825,-99.2408075,AVENIDA,GUSTAVO DÍAZ ORDAZ,SIN NÚMERO,SIN NÚMERO,TOTAL PLAY,TERRESTRE,EN PROCESO DE INSTALACIÓN
114761T,09NDI0650K,CENDI CADI JALALPA,19.4,-99.2,AVENIDA,DIAZ ORDAZ,SIN NÚMERO,SIN NÚMERO,TOTAL PLAY,TERRESTRE,EN PROCESO DE INSTALACIÓN
114759T,09NDI0374X,CENDI IMSS V TIPO A,19.38230861,-99.23883778,CALLE,PLAZA DE LAS FLORES,SIN NÚMERO,SIN NÚMERO,TOTAL PLAY,TERRESTRE,EN PROCESO DE INSTALACIÓN
114758T,09DPR5016X,JOSE MARIA TAPIA FREYDING,19.35737194,-99.254565,CALLE,MORELOS,19,SIN NÚMERO,TOTAL PLAY,TERRESTRE,EN PROCESO DE INSTALACIÓN
114756T,09DES4231Z,SIGMUND FREUD,19.38428583,-99.22987028,AVENIDA,VASCO DE QUIROGA,1355,SIN NÚMERO,TOTAL PLAY,TERRESTRE,EN PROCESO DE INSTALACIÓN
114755T,09NDI0091Q,CENDI IMSS 16 TIPO B,19.4,-99.2,CALLE,PEDRO LUIS OGAZON,80,SIN NÚMERO,TOTAL PLAY,TERRESTRE,EN PROCESO DE INSTALACIÓN
114754T,09NDI0652I,CENDI CADI EL POCITO,19.38155083,-99.20901222,AVENIDA,MINAS,80,SIN NÚMERO,TOTAL PLAY,TERRESTRE,EN PROCESO DE INSTALACIÓN
114753T,09NDI0630X,CENDI GDF BARRIO NORTE,19.37973667,-99.204665,CALLE,ADOLFO LÓPEZ MATEOS,SIN NÚMERO,SIN NÚMERO,TOTAL PLAY,TERRESTRE,EN PROCESO DE INSTALACIÓN
114752T,09DES4009Z,TEUTLI,19.21788917,-98.9956025,AVENIDA,DE LAS PALMAS,SIN NÚMERO,SIN NÚMERO,TOTAL PLAY,TERRESTRE,EN PROCESO DE INSTALACIÓN
114743T,09DPR4103L,ROSA VILLANUEVA RAMOS,19.21414583,-98.99221083,CALLE,BARRANCA SECA,SIN NÚMERO,SIN NÚMERO,TOTAL PLAY,TERRESTRE,EN PROCESO DE INSTALACIÓN
114785T,09DJN1381C,MA. CRISTINA TOVAR MENA,19.21443972,-98.9928275,CALLE,BARRANCA SECA,SIN NÚMERO,SIN NÚMERO,TOTAL PLAY,TERRESTRE,EN PROCESO DE INSTALACIÓN
114780T,09DPR5126C,RAMON G. BONFIL,19.21397972,-98.99219,CALLE,BARRANCA SECA,SIN NÚMERO,SIN NÚMERO,TOTAL PLAY,TERRESTRE,EN PROCESO DE INSTALACIÓN
114778T,09DJN0689L,AMELIA FIERRO BANDALA,19.21972278,-98.99588167,AVENIDA,CUAUHTEMOC,38,SIN NÚMERO,TOTAL PLAY,TERRESTRE,EN PROCESO DE INSTALACIÓN
114776T,09NDI0640D,CENDI GDF YOLCAYOTL IN TOCONEHUAN,19.21698417,-98.99015083,AVENIDA,5 DE MAYO,SIN NÚMERO,SIN NÚMERO,TOTAL PLAY,TERRESTRE,EN PROCESO DE INSTALACIÓN
114774T,09DJN1431U,MARIA IZQUIERDO,19.36813639,-99.03579778,CALLE,BATALLA 5 DE MAYO,SIN NÚMERO,SIN NÚMERO,TOTAL PLAY,TERRESTRE,EN PROCESO DE INSTALACIÓN
114757T,09DJN1333T,MARIA IZQUIERDO,19.36789667,-99.035925,CALLE,BATALLA 5 DE MAYO,SIN NÚMERO,SIN NÚMERO,TOTAL PLAY,TERRESTRE,EN PROCESO DE INSTALACIÓN
114742T,09DJN0676H,MOLINXOCHIO,19.37056861,-99.06892222,CALLE,GABRIELA MISTRAL,SIN NÚMERO,SIN NÚMERO,TOTAL PLAY,TERRESTRE,EN PROCESO DE INSTALACIÓN
114787T,09DPR3240H,CONSTITUYENTE CELESTINO PEREZ Y PEREZ,19.36700722,-99.00157833,AVENIDA,SENTIMIENTO A LA NACIÓN,SIN NÚMERO,SIN NÚMERO,TOTAL PLAY,TERRESTRE,EN PROCESO DE INSTALACIÓN
114784T,09DJN1269I,ERMITA ZARAGOZA,19.36475083,-98.99709056,AVENIDA,CONGRESO DE CHILPANCINGO SUR,SIN NÚMERO,SIN NÚMERO,TOTAL PLAY,TERRESTRE,EN PROCESO DE INSTALACIÓN
114781T,09DJN1131X,COCONE,19.36287667,-98.99936361,ANDADOR,SÁNCHEZ ARREOLA,SIN NÚMERO,SIN NÚMERO,TOTAL PLAY,TERRESTRE,EN PROCESO DE INSTALACIÓN
114779T,09DJN0553Y,CONSTITUCION DE 1917,19.36648361,-98.99400639,RETORNO,4TO DE APATZINGAN 3ER SECCION,SIN NÚMERO,SIN NÚMERO,TOTAL PLAY,TERRESTRE,EN PROCESO DE INSTALACIÓN
114777T,09DJN1247X,TEOCALLI,19.31200806,-99.07624722,CALLE,UNIDAD NACIONAL,SIN NÚMERO,SIN NÚMERO,TOTAL PLAY,TERRESTRE,EN PROCESO DE INSTALACIÓN
114773T,09DST0114B,ESCUELA SECUNDARIA TECNICA 114,19.36883917,-99.03854444,CALLE,SEBASTIÁN BARRIGUETE,SIN NÚMERO,SIN NÚMERO,TOTAL PLAY,TERRESTRE,EN PROCESO DE INSTALACIÓN
114762T,09UDI0006M,CENDI ZARAGOZA UNAM,19.38388528,-99.04369361,CALLE,GRAN DÉCADA NACIONAL,SIN NÚMERO,SIN NÚMERO,TOTAL PLAY,TERRESTRE,EN PROCESO DE INSTALACIÓN
114767T,09DJN1372V,IMMANTI,19.31981111,-99.03673528,CAMINO,"CAMINO VIEJO A ZAPOTITLA, ESQUINA MISAEL NUÑEZ",SIN NÚMERO,SIN NÚMERO,TOTAL PLAY,TERRESTRE,EN PROCESO DE INSTALACIÓN
114722T,09DJN1323M,BLAS GALINDO,19.38365333,-99.04311611,PROLONGACIÓN,TELECOMUNICACIONES FTE,10,SIN NÚMERO,TOTAL PLAY,TERRESTRE,EN PROCESO DE INSTALACIÓN
114709T,09DJN0447O,MACUIZOCHITL,19.37917917,-99.06992417,CALLE,BATALLA DE LOMA ALTA,SIN NÚMERO,SIN NÚMERO,TOTAL PLAY,TERRESTRE,EN PROCESO DE INSTALACIÓN
114708T,09DPR3074Z,LEANDRO VALLE,19.37736417,-99.06993194,CALLE,GUERRA DE REFORMA,38,SIN NÚMERO,TOTAL PLAY,TERRESTRE,EN PROCESO DE INSTALACIÓN
114704T,09DPR4183N,JULIO CORTAZAR,19.38472222,-99.03807944,AVENIDA,JUAN CRISÓSTOMO BONILLA,SIN NÚMERO,SIN NÚMERO,TOTAL PLAY,TERRESTRE,EN PROCESO DE INSTALACIÓN
114698T,09DES4303C,FRIDA KAHLO,19.3837925,-99.04427944,CALLE,GRAN DÉCADA NACIONAL,SIN NÚMERO,SIN NÚMERO,TOTAL PLAY,TERRESTRE,EN PROCESO DE INSTALACIÓN
114692T,09DJN1111J,MULUM,19.38491333,-99.03842722,CALLE,CRISÓSTOMO BONILLA,SIN NÚMERO,SIN NÚMERO,TOTAL PLAY,TERRESTRE,EN PROCESO DE INSTALACIÓN
114691T,09DPR3081J,REPUBLICA SOCIALISTA DE VIETNAM,19.33951944,-99.01764583,CALLE,PAPAYA,2,SIN NÚMERO,TOTAL PLAY,TERRESTRE,EN PROCESO DE INSTALACIÓN
114690T,09DJN1261Q,NAHIBI,19.34092972,-99.01661917,CALLE,TEJOCOTES,SIN NÚMERO,SIN NÚMERO,TOTAL PLAY,TERRESTRE,EN PROCESO DE INSTALACIÓN
114688T,09DJN0045U,PROFR. ANTONIO I. DELGADO,19.35318972,-99.06480028,CALLE,AMÉRICA,SIN NÚMERO,SIN NÚMERO,TOTAL PLAY,TERRESTRE,EN PROCESO DE INSTALACIÓN
114679T,09DJN1099E,TLAQUETZQUI,19.29569861,-99.07023972,CALLE,CLAVELES,SIN NÚMERO,SIN NÚMERO,TOTAL PLAY,TERRESTRE,EN PROCESO DE INSTALACIÓN
114678T,09DPR5084U,TIERRA Y LIBERTAD,19.35246611,-98.98989639,CALLE,DIEGO RIVERA,SIN NÚMERO,SIN NÚMERO,TOTAL PLAY,TERRESTRE,EN PROCESO DE INSTALACIÓN
114675T,09DPR5082W,MELCHOR OCAMPO,19.34778139,-98.9930025,AVENIDA,DE LAS TORRES,SIN NÚMERO,SIN NÚMERO,TOTAL PLAY,TERRESTRE,EN PROCESO DE INSTALACIÓN
114627T,09DPR3299G,PROFRA. MARIA HAZAS VARGAS,19.34683694,-98.99530944,CALLE,PIPILA,2,SIN NÚMERO,TOTAL PLAY,TERRESTRE,EN PROCESO DE INSTALACIÓN
114669T,09DPR3263S,PROFR. GAUDENCIO PERAZA,19.34892083,-98.98955417,AVENIDA,UNIÓN DE COLONOS,6,SIN NÚMERO,TOTAL PLAY,TERRESTRE,EN PROCESO DE INSTALACIÓN
114667T,09DJN1004A,CITLALICUE,19.34941667,-98.98930667,CALLE,UNIÓN DE COLONOS,SIN NÚMERO,SIN NÚMERO,TOTAL PLAY,TERRESTRE,EN PROCESO DE INSTALACIÓN
114666T,09DJN1003B,CITLALICUE,19.34941333,-98.98930806,CALLE,UNIÓN DE COLONOS,SIN NÚMERO,SIN NÚMERO,TOTAL PLAY,TERRESTRE,EN PROCESO DE INSTALACIÓN
114665T,09DES4249Z,MEXICO TENOCHTITLAN,19.32816139,-99.04402611,CALLE,MANUEL CAÑAS Y VILLA BRAS,SIN NÚMERO,SIN NÚMERO,TOTAL PLAY,TERRESTRE,EN PROCESO DE INSTALACIÓN
114664T,09DJN1135T,TIHUITL,19.33778389,-99.02171333,CALLE,EMILIANO ZAPATA,22,SIN NÚMERO,TOTAL PLAY,TERRESTRE,EN PROCESO DE INSTALACIÓN
114658T,09DPR4190X,RAFAEL DONDE,19.34997417,-98.997235,CALLE,BANDERA,18,SIN NÚMERO,TOTAL PLAY,TERRESTRE,EN PROCESO DE INSTALACIÓN
114657T,09DPR2807N,ARTURO ROSENBLUETH,19.35261222,-98.99631472,CALLE,MATAMOROS,1,SIN NÚMERO,TOTAL PLAY,TERRESTRE,EN PROCESO DE INSTALACIÓN
114654T,09DJN1423L,GUILLERMO PRIETO,19.3549575,-98.99690083,CALLE,VALLE DE BRAVO,SIN NÚMERO,SIN NÚMERO,TOTAL PLAY,TERRESTRE,EN PROCESO DE INSTALACIÓN
114653T,09DJN1203Z,TLAYOLTZIN,19.330815,-99.06440889,CALLE,RIO COATZACOALCOS Y PERIFERICO,SIN NÚMERO,SIN NÚMERO,TOTAL PLAY,TERRESTRE,EN PROCESO DE INSTALACIÓN
114651T,09NDI0626K,CENDI GDF BENITO JUAREZ,19.30247833,-99.07106472,CALLE,IZTACIHUATL,SIN NÚMERO,SIN NÚMERO,TOTAL PLAY,TERRESTRE,EN PROCESO DE INSTALACIÓN
114644T,09DJN0953U,VEKANI,19.33446861,-99.05007889,CALLE,AGUSTÍN MELGAR,SIN NÚMERO,SIN NÚMERO,TOTAL PLAY,TERRESTRE,EN PROCESO DE INSTALACIÓN
114642T,09DES4287B,JULIO VERNE,19.33363722,-99.05115056,CALLE,PLATÓN SÁNCHEZ,SIN NÚMERO,SIN NÚMERO,TOTAL PLAY,TERRESTRE,EN PROCESO DE INSTALACIÓN
114641T,09DJN1312G,PROFRA. CAROLINA PINO CRUZ,19.32585111,-99.05221278,AVENIDA,PALMILLAS,SIN NÚMERO,SIN NÚMERO,TOTAL PLAY,TERRESTRE,EN PROCESO DE INSTALACIÓN
114629T,09DJN1263O,PILLI,19.32865167,-99.05983583,CALLE,JUAN MORENO,SIN NÚMERO,SIN NÚMERO,TOTAL PLAY,TERRESTRE,EN PROCESO DE INSTALACIÓN
114628T,09DJN0338H,IGNACIO ZARAGOZA,19.38945917,-99.04914472,CALLE,ANTONIO DE LEON,MANZANA 1,SIN NÚMERO,TOTAL PLAY,TERRESTRE,EN PROCESO DE INSTALACIÓN
114625T,09DPR2888O,MARIA ENRIQUETA CAMARILLO,19.36444583,-99.002405,ANDADOR,PONCE DE LEÓN,58,SIN NÚMERO,TOTAL PLAY,TERRESTRE,EN PROCESO DE INSTALACIÓN
114837T,09DPR2649O,NICOLAS GARCIA DE SAN VICENTE,19.36388972,-98.99798778,CALLE,CHILPANCINGO SUR,60,SIN NÚMERO,TOTAL PLAY,TERRESTRE,EN PROCESO DE INSTALACIÓN
114836T,09DPR3126P,EL SEGURO DEL MAESTRO,19.362525,-98.99554222,CALLE,AND. CHITO VILLAGRAN,36,SIN NÚMERO,TOTAL PLAY,TERRESTRE,EN PROCESO DE INSTALACIÓN
114835T,09DJN1014H,IZTAPALAPA,19.36736611,-98.99733333,ANDADOR,CASTILLO DE SAN DIEGO,SIN NÚMERO,SIN NÚMERO,TOTAL PLAY,TERRESTRE,EN PROCESO DE INSTALACIÓN
114834T,09DES0293L,ENRIQUE BELTRAN,19.36766722,-98.99821611,CALLE,SITIO CUAUTLA,SIN NÚMERO,SIN NÚMERO,TOTAL PLAY,TERRESTRE,EN PROCESO DE INSTALACIÓN
114833T,09DPR2971N,PROFRA. MARIA ARIAS BERNAL,19.36701694,-99.02867056,CALLE,RETORNO BATALLÓN CHIAUTLA,SIN NÚMERO,SIN NÚMERO,TOTAL PLAY,TERRESTRE,EN PROCESO DE INSTALACIÓN
114832T,09DPR2919R,PROFR. JUAN B. TIJERINA,19.36644361,-99.02459389,CALLE,ANTONIO ESTÉVEZ,SIN NÚMERO,SIN NÚMERO,TOTAL PLAY,TERRESTRE,EN PROCESO DE INSTALACIÓN
114831T,09DPR2792B,DR. IGNACIO CHAVEZ,19.38177083,-99.03545583,CALLE,FUERTE DE GUADALUPE,24,SIN NÚMERO,TOTAL PLAY,TERRESTRE,EN PROCESO DE INSTALACIÓN
114830T,09DES0172Z,JUAN JACOBO ROUSSEAU,19.36786056,-99.0266725,AVENIDA,EXPLORADORES,SIN NÚMERO,SIN NÚMERO,TOTAL PLAY,TERRESTRE,EN PROCESO DE INSTALACIÓN
114829T,09DJN0510Z,TLALOCAN,19.35822361,-99.050405,CALLE,LIC. DÍAZ SOTO Y GAMA,SIN NÚMERO,SIN NÚMERO,TOTAL PLAY,TERRESTRE,EN PROCESO DE INSTALACIÓN
114828T,09DJN0230Q,VICENTE GUERRERO,19.35897444,-99.05741028,PERIFÉRICO,ANILLO PERIFERICO Y LIC. DIAZ SOTO Y GAMA,SIN NÚMERO,SIN NÚMERO,TOTAL PLAY,TERRESTRE,EN PROCESO DE INSTALACIÓN
114827T,09DJN1325K,DR. ATL,19.3677525,-99.05100778,CERRADA,4 PONIENTE Y 6 PONIENTE,SIN NÚMERO,SIN NÚMERO,TOTAL PLAY,TERRESTRE,EN PROCESO DE INSTALACIÓN
114826T,09DPR2808M,GRAL. HERMINIO CHAVARRIA,19.35685639,-99.03327889,CALLE,VENUSTIANO CARRANZA,34,SIN NÚMERO,TOTAL PLAY,TERRESTRE,EN PROCESO DE INSTALACIÓN
114825T,09NDI0577S,EBDI ISSSTE NO. 101,19.38566444,-99.0482925,AVENIDA,TELECOMUNICACIONES,SIN NÚMERO,SIN NÚMERO,TOTAL PLAY,TERRESTRE,EN PROCESO DE INSTALACIÓN
114824T,09DJN0575J,BELGICA,19.34650083,-99.04330694,CALLE,47 Y 6,SIN NÚMERO,SIN NÚMERO,TOTAL PLAY,TERRESTRE,EN PROCESO DE INSTALACIÓN
114823T,09DJN1305X,PAPAKI,19.35600667,-99.00366472,CALLE,CUAUHTÉMOC,SIN NÚMERO,SIN NÚMERO,TOTAL PLAY,TERRESTRE,EN PROCESO DE INSTALACIÓN
114822T,09DPR2248T,MARIANO HIDALGO,19.35637306,-99.00443639,CALLE,MOCTEZUMA,1,SIN NÚMERO,TOTAL PLAY,TERRESTRE,EN PROCESO DE INSTALACIÓN
114820T,09DPR3235W,PROFRA. ELISA ACUÑA Y ROSSETTI,19.35138389,-99.00427444,AVENIDA,CUAUHTEMOC,95,SIN NÚMERO,TOTAL PLAY,TERRESTRE,EN PROCESO DE INSTALACIÓN
114819T,09DJN1137R,ARTEMIO DE VALLE ARIZPE,19.36171139,-99.01179528,CALLE,FRANCISCO SARABIA,SIN NÚMERO,SIN NÚMERO,TOTAL PLAY,TERRESTRE,EN PROCESO DE INSTALACIÓN
114818T,09DPR1310Z,ESTADO DE MORELOS,19.36221528,-99.01176361,AVENIDA,YUCATAN,2,SIN NÚMERO,TOTAL PLAY,TERRESTRE,EN PROCESO DE INSTALACIÓN
114817T,09DPR1247N,DR. MANUEL GAMIO,19.3623175,-99.01088417,CALLE,FRANCISCO I. MADERO,3,SIN NÚMERO,TOTAL PLAY,TERRESTRE,EN PROCESO DE INSTALACIÓN
114816T,09DES4152N,VICENTE SUAREZ,19.37129528,-99.01944944,CALLE,MANUEL CALERO Y FRANCISCO NOBLE,SIN NÚMERO,SIN NÚMERO,TOTAL PLAY,TERRESTRE,EN PROCESO DE INSTALACIÓN
114815T,09DJN1118C,PROFR. ARTURO PICHARDO,19.34955833,-99.02352167,CALLE,EJIDO Y PRIMAVERA,SIN NÚMERO,SIN NÚMERO,TOTAL PLAY,TERRESTRE,EN PROCESO DE INSTALACIÓN
114814T,09DES4198I,LUIS PASTEUR,19.356015,-99.03282167,CALLE,PLAN DE AYALA,SIN NÚMERO,SIN NÚMERO,TOTAL PLAY,TERRESTRE,EN PROCESO DE INSTALACIÓN
114813T,09DPR2833L,REPUBLICA POPULAR SOCIALISTA DE ALBANIA,19.35554389,-99.02398472,AVENIDA,1A. CDA. DE MEXICO,22,SIN NÚMERO,TOTAL PLAY,TERRESTRE,EN PROCESO DE INSTALACIÓN
114812T,09DJN1202A,ITZURI,19.34166694,-99.03637111,CALLE,FRANCISCO JAVIER MINA ESQUINA MATAMOROS,SIN NÚMERO,SIN NÚMERO,TOTAL PLAY,TERRESTRE,EN PROCESO DE INSTALACIÓN
114811T,09DPR2272T,LOS DERECHOS DEL NIÑO,19.34550444,-99.0360175,CALLE,17,25,SIN NÚMERO,TOTAL PLAY,TERRESTRE,EN PROCESO DE INSTALACIÓN
114810T,09DPR1147O,ALBINO GARCIA,19.34537333,-99.03792556,CALLE,25 Y 2,SIN NÚMERO,SIN NÚMERO,TOTAL PLAY,TERRESTRE,EN PROCESO DE INSTALACIÓN
114809T,09DPR0836V,PROFR. ANGEL SALAS BONILLA,19.34006278,-99.04966667,CALLE,VERGEL,6,SIN NÚMERO,TOTAL PLAY,TERRESTRE,EN PROCESO DE INSTALACIÓN
114808T,09DPR1321E,EL AMO TORRES,19.34210139,-99.04112944,AVENIDA,5 DE MAYO,115,SIN NÚMERO,TOTAL PLAY,TERRESTRE,EN PROCESO DE INSTALACIÓN
114807T,09DPR1271N,JOSE MARIANO JIMENEZ,19.34721194,-99.04286972,CALLE,47,50,SIN NÚMERO,TOTAL PLAY,TERRESTRE,EN PROCESO DE INSTALACIÓN
114806T,09DPR2629A,GENERAL LUCIO BLANCO,19.36357333,-99.01839722,CALLE,COLIMA Y CHIHUAHUA (DEPORTIVO),SIN NÚMERO,SIN NÚMERO,TOTAL PLAY,TERRESTRE,EN PROCESO DE INSTALACIÓN
114805T,09DES4238T,RAMON BETETA,19.36249167,-99.015525,CALLE,OAXACA,SIN NÚMERO,SIN NÚMERO,TOTAL PLAY,TERRESTRE,EN PROCESO DE INSTALACIÓN
114804T,09DJN0835F,XINACHTLI,19.36209917,-99.01448028,CALLE,TAPACHULA,SIN NÚMERO,SIN NÚMERO,TOTAL PLAY,TERRESTRE,EN PROCESO DE INSTALACIÓN
114803T,09DJN1273V,OLLIN CALLI,19.30914306,-99.08681444,CALLE,CANAL DE GARAY,20,SIN NÚMERO,TOTAL PLAY,TERRESTRE,EN PROCESO DE INSTALACIÓN
114802T,09DDI0041B,OLLIN CALLI,19.30603833,-99.08672167,CALLE,CANAL DE GARAY,20,SIN NÚMERO,TOTAL PLAY,TERRESTRE,EN PROCESO DE INSTALACIÓN
114801T,09DPR4155R,GENARO GARCIA,19.31115167,-99.07373361,CALLE,CANDELABROS,1,SIN NÚMERO,TOTAL PLAY,TERRESTRE,EN PROCESO DE INSTALACIÓN
114800T,09DPR1217T,ING. ROBERTO GAYOL,19.31067889,-99.07102639,CALLE,SAN LORENZO,19,SIN NÚMERO,TOTAL PLAY,TERRESTRE,EN PROCESO DE INSTALACIÓN
114799T,09DJN0951W,OTZINCO,19.30253111,-99.07300167,CALLE,EMILIANO ZAPATA,1770,SIN NÚMERO,TOTAL PLAY,TERRESTRE,EN PROCESO DE INSTALACIÓN
114798T,09DJN0865Z,CALLICATEPETL,19.31007806,-99.07150417,CALLE,DESPOSORIOS,7,SIN NÚMERO,TOTAL PLAY,TERRESTRE,EN PROCESO DE INSTALACIÓN
114797T,09DJN1309T,CUICACALLI,19.30722722,-99.07519222,CALLE,MATIAS ROMERO Y VILLA DEL MAR,SIN NÚMERO,SIN NÚMERO,TOTAL PLAY,TERRESTRE,EN PROCESO DE INSTALACIÓN
114796T,09DJN0942O,OTZINCO,19.30253694,-99.07299917,CALLE,EMILIANO ZAPATA,1770,SIN NÚMERO,TOTAL PLAY,TERRESTRE,EN PROCESO DE INSTALACIÓN
114795T,09DJN1110K,VICENTE T. MENDOZA,19.33755889,-99.02897444,CALLE,REFORMA SOCIAL,SIN NÚMERO,SIN NÚMERO,TOTAL PLAY,TERRESTRE,EN PROCESO DE INSTALACIÓN
114794T,09DJN0946K,CITLALTEPETL,19.34212361,-99.07236722,CALLE,ISIDRO SERNA,2,SIN NÚMERO,TOTAL PLAY,TERRESTRE,EN PROCESO DE INSTALACIÓN
114793T,09DPR5055Z,CENTAURO DEL NORTE,19.29271417,-99.07255833,PROLONGACIÓN,ALDAMA,SIN NÚMERO,SIN NÚMERO,TOTAL PLAY,TERRESTRE,EN PROCESO DE INSTALACIÓN
114792T,09DPR5026D,MITLA,19.29060278,-99.0654475,CALLE,AREA DE SERVICIOS,MANZANA 4,SIN NÚMERO,TOTAL PLAY,TERRESTRE,EN PROCESO DE INSTALACIÓN
114791T,09NDI0681D,GUARDERIA LOMAS ESTRELLA,19.32185611,-99.09764083,CALLE,PASEO DE ANTOQUÍA,14,SIN NÚMERO,TOTAL PLAY,TERRESTRE,EN PROCESO DE INSTALACIÓN
114790T,09DPR2254D,REPUBLICA DE MADAGASCAR,19.34706472,-99.05205361,CALLE,ING. GUILLERMO GONZÁLEZ CAMARENA,120,SIN NÚMERO,TOTAL PLAY,TERRESTRE,EN PROCESO DE INSTALACIÓN
114889T,09DES4182H,ALEXIS CARRELL,19.34650722,-99.0513575,CALLE,ING. GONZÁLEZ CAMARENA,103,SIN NÚMERO,TOTAL PLAY,TERRESTRE,EN PROCESO DE INSTALACIÓN
114888T,09DES4310M,PRESIDENTES DE MEXICO,19.33148139,-99.05409861,CALLE,CANAL DE PANAMÁ,SIN NÚMERO,SIN NÚMERO,TOTAL PLAY,TERRESTRE,EN PROCESO DE INSTALACIÓN
114887T,09DJN0937C,LIC. ISIDRO FABELA ALFARO,19.36719,-99.08004028,CALLE,HERMENEGILDO GALEANA,SIN NÚMERO,SIN NÚMERO,TOTAL PLAY,TERRESTRE,EN PROCESO DE INSTALACIÓN
114886T,09DJN0328A,GENERAL FRANCISCO VILLA,19.33944556,-99.06002028,CALLE,TOMAS URBINA,SIN NÚMERO,SIN NÚMERO,TOTAL PLAY,TERRESTRE,EN PROCESO DE INSTALACIÓN
114885T,09DJN1288X,PROFRA. NIEVES ZEDILLO GONZALEZ,19.34563472,-99.0675475,CALLE,NUBE,SIN NÚMERO,SIN NÚMERO,TOTAL PLAY,TERRESTRE,EN PROCESO DE INSTALACIÓN
114884T,09DES4209Y,FRANCISCO VILLA,19.38741889,-99.10811944,CALLE,TEZONTLE,SIN NÚMERO,SIN NÚMERO,TOTAL PLAY,TERRESTRE,INSTALADO
114883T,09DJN0998Q,ELISA NUÑEZ,19.3974,-99.09363028,CALLE,CANELA,463,SIN NÚMERO,TOTAL PLAY,TERRESTRE,VISITA FALLIDA
114882T,09DDI0024L,CENDI SEP NO. 24 CARMEN SERDAN,19.40277972,-99.09682194,CALLE,AÑIL,SIN NÚMERO,SIN NÚMERO,TOTAL PLAY,TERRESTRE,EN PROCESO DE INSTALACIÓN
114881T,09DES0329J,TLACHTLI,19.39794917,-99.08842972,CALLE,AÑIL,550,SIN NÚMERO,TOTAL PLAY,TERRESTRE,VISITA FALLIDA
114880T,09NDI0392M,CENDI GDF IZTACALCO,19.38946972,-99.12187972,CALZADA,DE LA VIGA,SIN NÚMERO,SIN NÚMERO,TOTAL PLAY,TERRESTRE,EN PROCESO DE INSTALACIÓN
114879T,09DJN1414D,LUIS GONZALEZ OBREGON,19.53355333,-99.14358972,CARRETERA,CARRETERA CHALMITA-TENAYUCA,SIN NÚMERO,SIN NÚMERO,TOTAL PLAY,TERRESTRE,EN PROCESO DE INSTALACIÓN
114878T,09DES4087D,REPUBLICA DE FILIPINAS,19.51042583,-99.15970222,CALZADA,VALLEJO,2421,SIN NÚMERO,TOTAL PLAY,TERRESTRE,INSTALADO
114877T,09DJN0996S,XOLOTL,19.54111611,-99.15080139,AVENIDA,FRANCISCO VILLA Y ANTONIO CASO,SIN NÚMERO,SIN NÚMERO,TOTAL PLAY,TERRESTRE,VISITA FALLIDA
114876T,09DPR4208F,PROFRA. JOSEFINA TOLSA MARAÑON,19.55238667,-99.13480667,CERRADA,CORNELIO LARIOS,SIN NÚMERO,SIN NÚMERO,TOTAL PLAY,TERRESTRE,EN PROCESO DE INSTALACIÓN
114875T,09DPR2781W,EDUCACION PARA TODOS,19.52962667,-99.14493639,CALLE,ARTURO CASTRO,SIN NÚMERO,SIN NÚMERO,TOTAL PLAY,TERRESTRE,VISITA FALLIDA
114874T,09DJN1105Z,ERMILO ABREU GOMEZ,19.52821167,-99.14865361,ANDADOR,RÍO SAN JAVIER,SIN NÚMERO,SIN NÚMERO,TOTAL PLAY,TERRESTRE,EN PROCESO DE INSTALACIÓN
114873T,09DPR2963E,GREGORIO TORRES QUINTERO,19.5533875,-99.14063556,CALLE,DE LA PIEDAD,SIN NÚMERO,SIN NÚMERO,TOTAL PLAY,TERRESTRE,EN PROCESO DE INSTALACIÓN
114872T,09DJN0928V,CUECUECH,19.55742472,-99.13979778,CALLE,LUIS ECHEVERRÍA,SIN NÚMERO,SIN NÚMERO,TOTAL PLAY,TERRESTRE,EN PROCESO DE INSTALACIÓN
114385T,09NDI0633U,CENDI GDF ANEXO ZONAL NO. 9,19.54840278,-99.14424194,AVENIDA,ESTADO DE MÉXICO,200,SIN NÚMERO,TOTAL PLAY,TERRESTRE,VISITA FALLIDA
114384T,09DJN0924Z,LAURA DOMINGUEZ AGUIRRE,19.53236833,-99.13936917,CALLE,RUIZ CORTINES,SIN NÚMERO,SIN NÚMERO,TOTAL PLAY,TERRESTRE,EN PROCESO DE INSTALACIÓN
114383T,09DJN0922A,CUAUHTLI,19.56087056,-99.13756111,AVENIDA,PEÑAS NEGRAS,SIN NÚMERO,SIN NÚMERO,TOTAL PLAY,TERRESTRE,EN PROCESO DE INSTALACIÓN
114382T,09DJN1175U,ENRIQUE DUNANT,19.54857361,-99.15308806,CALLE,GUADALUPE ENTRE MICHOACAN Y SAN MIGUEL,SIN NÚMERO,SIN NÚMERO,TOTAL PLAY,TERRESTRE,VISITA FALLIDA
114381T,09DJN0642R,SANTOS DEGOLLADO,19.50333917,-99.09368222,AVENIDA,CENTENARIO,2200,SIN NÚMERO,TOTAL PLAY,TERRESTRE,INSTALADO
114380T,09DJN0166F,GENOVEVA CORTES,19.49339333,-99.09932944,AVENIDA,CENTENARIO,1100,SIN NÚMERO,TOTAL PLAY,TERRESTRE,INSTALADO
114379T,09NDI0090R,CENDI IMSS 15 TIPO B,19.49979389,-99.09504361,AVENIDA,CENTENARIO,2071,SIN NÚMERO,TOTAL PLAY,TERRESTRE,VISITA FALLIDA
114378T,09DJN0804M,DR. MARIANO AZUELA,19.50275722,-99.09265194,CALLE,NORTE 7-A,10040,SIN NÚMERO,TOTAL PLAY,TERRESTRE,VISITA FALLIDA
114377T,09DJN1402Z,ALEJANDRO FLEMING,19.54856889,-99.12597,CALLE,PLAN DE AYALA,SIN NÚMERO,SIN NÚMERO,TOTAL PLAY,TERRESTRE,VISITA FALLIDA
114376T,09DTV0130G,TELESECUNDARIA 130,19.55338917,-99.14063667,CALLE,DELICIAS,SIN NÚMERO,SIN NÚMERO,TOTAL PLAY,TERRESTRE,EN PROCESO DE INSTALACIÓN
114375T,09DPR5006Q,ANTONIO CISNEROS Y CISNEROS,19.54813,-99.12420944,CALLE,DE LA BRECHA,SIN NÚMERO,SIN NÚMERO,TOTAL PLAY,TERRESTRE,INSTALADO
114373T,09NDI0389Z,CENDI IMSS 6 TIPO B,19.46291944,-99.12589444,CALZADA,DE GUADALUPE,217,SIN NÚMERO,TOTAL PLAY,TERRESTRE,VISITA FALLIDA
114609T,09DES4259F,GUSTAVO A. MADERO,19.52357667,-99.13973222,CALLE,PUERTO MAZATLAN Y MOCTEZUMA,SIN NÚMERO,SIN NÚMERO,TOTAL PLAY,TERRESTRE,EN PROCESO DE INSTALACIÓN
114608T,09NDI0002G,ESTANCIA PARA EL BIENESTAR Y DESARROLLO INFANTIL NÚMERO 15,19.48743139,-99.13346861,CALLE,COLECTOR,13,SIN NÚMERO,TOTAL PLAY,TERRESTRE,VISITA FALLIDA
114607T,09DPR3015K,CUAUHTEPEC,19.55939833,-99.13109139,CALLE,MIGUEL LERDO DE TEJADA,SIN NÚMERO,SIN NÚMERO,TOTAL PLAY,TERRESTRE,EN PROCESO DE INSTALACIÓN
114606T,09DPR2588R,LIC. JOSE LOPEZ PORTILLO Y ROJAS,19.56062611,-99.13155333,CALLE,JOSE MOJICA,SIN NÚMERO,SIN NÚMERO,TOTAL PLAY,TERRESTRE,EN PROCESO DE INSTALACIÓN
114605T,09NDI0647X,CENDI GDF NUEVA GENERACION,19.56053389,-99.13235861,CALLE,FRANCISCO JAMBRINA,SIN NÚMERO,SIN NÚMERO,TOTAL PLAY,TERRESTRE,INSTALADO
114604T,09DJN0823A,REPUBLICA MEXICANA,19.556965,-99.13639056,CALLE,PLAZA HIDALGO,SIN NÚMERO,SIN NÚMERO,TOTAL PLAY,TERRESTRE,VISITA FALLIDA
114603T,09DES4307Z,SECUNDARIA FEDERAL,19.55987528,-99.13618417,AVENIDA,SAN MIGUEL ENTRE 1RA Y 2DA CDA NORTE,SIN NÚMERO,SIN NÚMERO,TOTAL PLAY,TERRESTRE,EN PROCESO DE INSTALACIÓN
114602T,09DPR3282G,PROFR. ROBERTO MARTINEZ FLORES,19.53828889,-99.14328583,CALLE,VENUSTIANO CARRANZA,SIN NÚMERO,SIN NÚMERO,TOTAL PLAY,TERRESTRE,EN PROCESO DE INSTALACIÓN
114601T,09DPR2832M,PROFR. JORGE CASAHONDA CASTILLO,19.54975833,-99.14204917,CALLE,5 DE MAYO,SIN NÚMERO,SIN NÚMERO,TOTAL PLAY,TERRESTRE,VISITA FALLIDA
114600T,09DPR0916G,GERTRUDIS ARMENDARIZ DE HIDALGO,19.54121639,-99.14219889,CERRADA,EMILIANO ZAPATA,SIN NÚMERO,SIN NÚMERO,TOTAL PLAY,TERRESTRE,EN PROCESO DE INSTALACIÓN
114599T,09DJN0032Q,JOSEFA ORTIZ DE DOMINGUEZ,19.54121528,-99.14219583,CALLE,EMILIANO ZAPATA,32,SIN NÚMERO,TOTAL PLAY,TERRESTRE,EN PROCESO DE INSTALACIÓN
114598T,09DPR2966B,QUETZALCOATL,19.54734861,-99.14348111,AVENIDA,TECNOLOGICO,SIN NÚMERO,SIN NÚMERO,TOTAL PLAY,TERRESTRE,INSTALADO
114597T,09DPR0905A,PROFRA. CARMEN COSGAYA RIVAS,19.54474167,-99.13749444,CALLE,GUADALUPE VICTORIA,SIN NÚMERO,SIN NÚMERO,TOTAL PLAY,TERRESTRE,EN PROCESO DE INSTALACIÓN
114596T,09DES4160W,ANA MARIA GALLAGA MANDARTE Y VILLASEÑOR,19.55151778,-99.13757889,AVENIDA,VENUSTIANO CARRANZA,121,SIN NÚMERO,TOTAL PLAY,TERRESTRE,EN PROCESO DE INSTALACIÓN
114595T,09DJN0929U,PALMATITLA,19.55444,-99.13597806,CALLE,VENUSTIANO CARRANZA,SIN NÚMERO,SIN NÚMERO,TOTAL PLAY,TERRESTRE,EN PROCESO DE INSTALACIÓN
114594T,09DST0082Z,ESCUELA SECUNDARIA TECNICA 82,19.56081222,-99.12859917,CALLE,FELIPE ÁNGELES,SIN NÚMERO,SIN NÚMERO,TOTAL PLAY,TERRESTRE,EN PROCESO DE INSTALACIÓN
114593T,09NDI0582D,CENDI GDF IGNACIO MANUEL ALTAMIRANO,19.37544528,-99.2882025,CALLE,EBANO,SIN NÚMERO,SIN NÚMERO,TOTAL PLAY,TERRESTRE,VISITA FALLIDA
114592T,09DJN0495Y,XOCHITLA,19.30449917,-99.14467583,CALZADA,DE TLALPAN,3372,SIN NÚMERO,TOTAL PLAY,TERRESTRE,EN PROCESO DE INSTALACIÓN
17791S,-,UNIDAD MÓVIL,19.44305556,-99.14444444,CALLE,FRANCISCO MÁRQUEZ,160,SIN NÚMERO,TELECOMM,SATELITAL,CANCELADO POR REASIGNAR
113286S,-,MONITOREO DE LA RED E-MEXICO 3 SOLUZIONA,19.429709,-99.205589,BOULEVARD,MANUEL AVILA CAMACHO,88, PISOS 1 Y 2,TELECOMM,SATELITAL,CANCELADO POR REASIGNAR
18261,-,INEA OFICINAS CENTRALES,19.44305556,-99.14444444,CALLE,FRANCISCO MÁRQUEZ,160,SIN NÚMERO,TELECOMM,SATELITAL,OPERACIÓN
113285S,-,FARO DE ORIENTE,19.359004,-99.092623,CALLE,LATERAL CALZADA IGNACIO ZARAGOZA,SIN NÚMERO,SIN NÚMERO,TELECOMM,SATELITAL,CANCELADO POR REASIGNAR
19897,-,COORDINACIÓN DE TECNOLOGÍA Y PROYECTOS ESPECIALES. ILCE,19.35,-99.16166667,CALLE,CANAL DE MIRAMONTES,2549,SIN NÚMERO,TELECOMM,SATELITAL,CANCELADO POR REASIGNAR
113542T,-,COORDINACIÓN DE TECNOLOGÍA Y PROYECTOS ESPECIALES. ILCE,19.35,-99.16166667,CALLE,CANAL DE MIRAMONTES,2549,SIN NÚMERO,TOTAL PLAY,TERRESTRE,EN PROCESO DE INSTALACIÓN
85861,09DPR1992T,ESTADO DE SAN LUIS POTOSI,19.297877,-99.15022,CALLE,ACUEDUCTO,39,SIN NÚMERO,TOTAL PLAY,TERRESTRE,IMPLEMENTADO
113181,09NDI0521Q,CENDI GDF FELIPE ANGELES,19.45198722,-99.11419278,AVENIDA,CONGRESO DE LA UNION Y ESTAÑO,SIN NÚMERO,SIN NÚMERO,OPERBES,TERRESTRE,INSTALADO
113180,09DJN0775H,JOSE REVUELTAS,19.4318275,-99.119225,CALLE,JUAN DE LA GRANJA,SIN NÚMERO,SIN NÚMERO,OPERBES,TERRESTRE,INSTALADO
111346,-,CENDI GDF INGENIERO EDUARDO MOLINA,19.4459853,-99.1118406,CALLE,EDUARDO MOLINA Y PELUQUEROS 81 SIN NÚMERO,SIN NÚMERO,SIN NÚMERO,OPERBES,TERRESTRE,IMPLEMENTADO
111345,-,VENUSTIANO CARRANZA,19.4194719,-99.1149089,CALLE,LAZARO PAVIA SIN NÚMERO SIN NÚMERO,SIN NÚMERO,SIN NÚMERO,OPERBES,TERRESTRE,OPERACIÓN
111344,-,GRAL. FELIPE ANGELES,19.4508642,-99.1110586,CALLE,ALUMINIO SIN NÚMERO SIN NÚMERO,SIN NÚMERO,SIN NÚMERO,OPERBES,TERRESTRE,OPERACIÓN
111341,-,ESTANCIA JARDIN INFANTIL NO. 31 D.I.F,19.4456172,-99.1126664,CALLE,HUICHAPAN Y PELUQUEROS SIN NÚMERO SIN NÚMERO,SIN NÚMERO,SIN NÚMERO,OPERBES,TERRESTRE,OPERACIÓN
111340,-,IRENE MARIN DE AYALA,19.4460011,-99.1122092,CALLE,HUICHAPAN SIN NÚMERO SIN NÚMERO,SIN NÚMERO,SIN NÚMERO,OPERBES,TERRESTRE,OPERACIÓN
111339,9NDI17I,ESTANCIA PARA EL BIENESTAR Y DESARROLLO INFANTIL NÚMERO 7,19.4458239,-99.1135889,CALLE,PELUQUEROS 310 SIN NÚMERO,SIN NÚMERO,SIN NÚMERO,OPERBES,TERRESTRE,INSTALADO
111100,09NDI0422Q,CENTRO DE DESARROLLO INFANTIL SP AEROPUERTOS Y SERVICIOS AUXILIARES,19.447493,-99.076581,AVENIDA,602,161,SIN NÚMERO,TOTAL PLAY,TERRESTRE,IMPLEMENTADO
100795,09DJN1224M,ITZEL LUCERO,19.4309063,-99.05838776,CALLE,XANES,SIN NÚMERO,SIN NÚMERO,TOTAL PLAY,TERRESTRE,INSTALADO
100794,09DES4128N,JOSÉ MARÍA LUIS MORA,19.42962074,-99.05757141,CALLE,XOCHISTLAHUACA,SIN NÚMERO,SIN NÚMERO,TOTAL PLAY,TERRESTRE,OPERACIÓN
100793,09NDI0610J,CENTRO DE DESARROLLO INFANTIL GOBIERNO DEL DISTRITO FEDERAL CIPACTLI,19.431176,-99.062544,CALLE,XOCOYOTE,SIN NÚMERO,SIN NÚMERO,TOTAL PLAY,TERRESTRE,OPERACIÓN
100792,09NDI0475V,CENTRO DE DESARROLLO INFANTIL GOBIERNO DEL DISTRITO FEDERAL CENTRO FAMILIAR ARENAL,19.429795,-99.057604,CALLE,XOCHISTLAHUACA Y XOCHISTLAN NTE. Y SUR,54,SIN NÚMERO,TOTAL PLAY,TERRESTRE,OPERACIÓN
100791,09DPR1033M,REPÚBLICA ARABE UNIDA,19.42715836,-99.06414795,CALLE,MALINCHE,SIN NÚMERO,SIN NÚMERO,TOTAL PLAY,TERRESTRE,INSTALADO
100790,09DJN1029J,YOALLI,19.428105,-99.064893,PROLONGACIÓN,RIO CHURUBUSCO,SIN NÚMERO,SIN NÚMERO,TOTAL PLAY,TERRESTRE,OPERACIÓN
100789,09NDI0601B,CENTRO DE DESARROLLO INFANTIL GOBIERNO DEL DISTRITO FEDERAL AEROPUERTO ARENAL BENITA GALEANA,19.428606,-99.059985,CALLE,XALTOCAN ENTRE MOLOTE Y OCOZOLIN,SIN NÚMERO,SIN NÚMERO,TOTAL PLAY,TERRESTRE,INSTALADO
100788,09DJN0552Z,XILONEM,19.434925,-99.097771,CALLE,ORIENTE 156,236,SIN NÚMERO,TOTAL PLAY,TERRESTRE,OPERACIÓN
100787,09NDI0694H,CENTRO DE DESARROLLO INFANTIL LEONA VICARIO,19.416667,-99.113889,CALLE,ORIENTE 164,SIN NÚMERO,SIN NÚMERO,TOTAL PLAY,TERRESTRE,OPERACIÓN
100786,09NDI0563P,CENTRO DE DESARROLLO INFANTIL GOBIERNO DEL DISTRITO FEDERAL 20 DE ABRIL,19.427797,-99.097646,CALLE,OTE.168 Y 170 Y NORTE 13,SIN NÚMERO,SIN NÚMERO,TOTAL PLAY,TERRESTRE,OPERACIÓN
100785,09DJN0876F,PROFESOR LEOBARDO TOVAR DIAZ,19.429671,-99.068628,CALLE,GENERAL PORFIRIO DIAZ,48,SIN NÚMERO,TOTAL PLAY,TERRESTRE,INSTALADO
100784,09DES4213K,CARLOS A. CARRILLO,19.42148018,-99.0579071,CALLE,6,SIN NÚMERO,SIN NÚMERO,TOTAL PLAY,TERRESTRE,OPERACIÓN
100783,09NDI0031B,ESTANCIA PARA EL BIENESTAR Y DESARROLLO INFANTIL NÚMERO 45,19.412207,-99.122888,CALLE,COMPAS 31 ESQ CON YUNQUE,SIN NÚMERO,SIN NÚMERO,TOTAL PLAY,TERRESTRE,OPERACIÓN
100782,09DJN1130Y,ENRIQUE TIERNO GALVAN,19.43186378,-99.10942841,CALLE,FRANCISCO ESPEJEL,96,SIN NÚMERO,TOTAL PLAY,TERRESTRE,OPERACIÓN
100781,09DJN0081Z,GUSTAVO ADOLFO BECQUER,19.4160099,-99.1133728,RETORNO,6,SIN NÚMERO,SIN NÚMERO,TOTAL PLAY,TERRESTRE,OPERACIÓN
100780,09DJN0828W,MÉXICO OLIMPICO,19.42268944,-99.10597992,RETORNO,CUATRO DE MANUEL RIVERA CAMBAS,SIN NÚMERO,SIN NÚMERO,TOTAL PLAY,TERRESTRE,OPERACIÓN
100779,09NDI0170C,CENTRO DE DESARROLLO INFANTIL GOBIERNO DEL DISTRITO FEDERAL ERNESTINA LATOUR,19.415751,-99.100909,RETORNO,29 Y 27 DE FRAY SERVANDO T. MIER,SIN NÚMERO,SIN NÚMERO,TOTAL PLAY,TERRESTRE,OPERACIÓN
100778,09NDI0169N,CENTRO DE DESARROLLO INFANTIL GUADALUPE I. DE RAMIREZ,19.416667,-99.113889,RETORNO,5 DE IGNACIO ZARAGOZA,SIN NÚMERO,SIN NÚMERO,TOTAL PLAY,TERRESTRE,OPERACIÓN
100777,09NDI0606X,CENTRO DE DESARROLLO INFANTIL GOBIERNO DEL DISTRITO FEDERAL NÚMERO 29,19.416667,-99.113889,AVENIDA,MORELOS ESQ. CONGRESO DE LA UNION,SIN NÚMERO,SIN NÚMERO,TOTAL PLAY,TERRESTRE,INSTALADO
100776,09NDI0168O,CENTRO DE DESARROLLO INFANTIL GOBIERNO DEL DISTRITO FEDERAL JOSÉ MARÍA PINO SUAREZ,19.406668,-99.12599,CALZADA,DE LA VIGA Y GMO PRIETO,SIN NÚMERO,SIN NÚMERO,TOTAL PLAY,TERRESTRE,OPERACIÓN
100774,09NDI0175Y,CENTRO DE DESARROLLO INFANTIL GOBIERNO DEL DISTRITO FEDERAL JOSEFA ORTÍZ DE DOMÍNGUEZ,19.412846,-99.091288,AVENIDA,8 ENTRE S 35 Y 39,SIN NÚMERO,SIN NÚMERO,TOTAL PLAY,TERRESTRE,INSTALADO
100773,09NDI0022U,CENTRO DE DESARROLLO INFANTIL IMSS 1 TIPO B,19.416667,-99.113889,CALLE,PRINCIPAL,21,SIN NÚMERO,TOTAL PLAY,TERRESTRE,OPERACIÓN
100772,09DJN0806K,GENERAL CESAREO CASTRO,19.445687,-99.096283,AVENIDA,2 NORTE (TRANSVAL),81,SIN NÚMERO,TOTAL PLAY,TERRESTRE,INSTALADO
100771,09NDI0164S,CENTRO DE DESARROLLO INFANTIL GOBIERNO DEL DISTRITO FEDERAL BERTHA VON GLUMER,19.444564,-99.099738,CALLE,"CAIRO, PERSIA Y MARRUECOS",SIN NÚMERO,SIN NÚMERO,TOTAL PLAY,TERRESTRE,INSTALADO
100770,09DJN1370X,AXAYACATL,19.40899277,-99.08188629,CALLE,73,SIN NÚMERO,SIN NÚMERO,TOTAL PLAY,TERRESTRE,INSTALADO
100769,09NDI0172A,CENTRO DE DESARROLLO INFANTIL GOBIERNO DEL DISTRITO FEDERAL ESTEFANIA CASTAÑEDA,19.410336,-99.082705,AVENIDA,4 Y 65 Y 69,SIN NÚMERO,SIN NÚMERO,TOTAL PLAY,TERRESTRE,OPERACIÓN
100768,09NDI0553I,CENTRO DE DESARROLLO INFANTIL GOBIERNO DEL DISTRITO FEDERAL 5 DE MAYO,19.438553,-99.087207,AVENIDA,PEÑON DE LOS BAÑOS ESQ PTO AEREO,SIN NÚMERO,SIN NÚMERO,TOTAL PLAY,TERRESTRE,INSTALADO
100767,09NDI0284E,ESTANCIA PARA EL BIENESTAR Y DESARROLLO INFANTIL NÚMERO 152,19.413371,-99.114896,CALLE,RAMON PRIDA Y DEL TALLER,SIN NÚMERO,SIN NÚMERO,TOTAL PLAY,TERRESTRE,OPERACIÓN
100766,09DJN0014A,ESTADO DE GUANAJUATO,19.4077549,-99.11907959,CALLE,RIO FRIO,SIN NÚMERO,SIN NÚMERO,TOTAL PLAY,TERRESTRE,OPERACIÓN
100765,09DJN0314Y,ADOLFO LOPEZ MATEOS,19.42138672,-99.0717392,CALLE,FERNANDO ROMAN LUGO,SIN NÚMERO,SIN NÚMERO,TOTAL PLAY,TERRESTRE,OPERACIÓN
