gid,clave_de_centro_de_trabajo,nombre,latitud,longitud,vialidad,calle,numero_exterior,numero_interior,nombre_del_proveedor_mc,conectividad,estatus
114965T,09NDI0460T,CENDI GDF S.G.P. Y V.N. NO. 1,19.42536778,-99.11746972,CALLE,CECILIO ROBELO,SIN NÚMERO,SIN NÚMERO,TOTAL PLAY,TERRESTRE,EN PROCESO DE INSTALACIÓN
114964T,09NDI0463Q,CENDI SP S.C.J. DE LA NACION GLORIA LEON ORANTES,19.42901972,-99.11550222,PROLONGACIÓN,ING. EDUARDO MOLINA,SIN NÚMERO,SIN NÚMERO,TOTAL PLAY,TERRESTRE,EN PROCESO DE INSTALACIÓN
114963T,09NDI0167P,CENDI GDF LUZ OLIVEROS SARMINA,19.45063222,-99.11025889,CALLE,ING. EDUARDO MOLINA,SIN NÚMERO,SIN NÚMERO,TOTAL PLAY,TERRESTRE,EN PROCESO DE INSTALACIÓN
114962T,09NDI0604Z,CENDI GDF NO. 28,19.42250611,-99.12149167,PROLONGACIÓN,LUCAS ALAMAN,11,SIN NÚMERO,TOTAL PLAY,TERRESTRE,EN PROCESO DE INSTALACIÓN
114961T,09NDI0321S,ESTANCIA PARA EL BIENESTAR Y DESARROLLO INFANTIL NÚMERO 43,19.42403417,-99.11857833,CALLE,STAND DE TIRO,SIN NÚMERO,SIN NÚMERO,TOTAL PLAY,TERRESTRE,EN PROCESO DE INSTALACIÓN
114960T,09NDI0242F,CENTRO DE DESARROLLO INFANTIL BENITO JUAREZ GARCIA,19.42846611,-99.12378056,CALLE,SANTA ESCUELA,104,SIN NÚMERO,TOTAL PLAY,TERRESTRE,EN PROCESO DE INSTALACIÓN
114959T,09DSN0030J,FRAY JOSE SERVANDO TERESA DE MIER NORIEGA Y GUERRA,19.42234611,-99.11846889,CALLE,SUR 103,1034,SIN NÚMERO,TOTAL PLAY,TERRESTRE,EN PROCESO DE INSTALACIÓN
114958T,09DPR2100A,PRESIDENTE JOHN F KENNEDY,19.4224425,-99.1187125,CALLE,FRAY SERVANDO TERESA DE MIER,SIN NÚMERO,SIN NÚMERO,TOTAL PLAY,TERRESTRE,EN PROCESO DE INSTALACIÓN
114957T,09NDI0151O,CENDI GDF AMERICA,19.40483306,-99.20230778,CALLE,SUR 128,SIN NÚMERO,SIN NÚMERO,TOTAL PLAY,TERRESTRE,EN PROCESO DE INSTALACIÓN
114956T,09NDI0689W,CENDI NIÑOS HEROES DE CHAPULTEPEC NO. TRES,19.407269,-99.190754,CALLE,CAMPO MILITAR,1,A,TOTAL PLAY,TERRESTRE,EN PROCESO DE INSTALACIÓN
114955T,09DJN0275M,PLUTARCO ELIAS CALLES,19.4450675,-99.21827333,CALLE,RETORNO MIGUEL LANTZ DURET,24,SIN NÚMERO,TOTAL PLAY,TERRESTRE,EN PROCESO DE INSTALACIÓN
114954T,09NDI0159G,CENDI GDF LEGARIA,19.45038139,-99.20322944,CALZADA,LEGARIA,373,SIN NÚMERO,TOTAL PLAY,TERRESTRE,EN PROCESO DE INSTALACIÓN
114953T,09NJN1085I,JARDIN DE NIÑOS AGUSTIN MELGAR,19.407269,-99.190754,AVENIDA,DEL CONSCRIPTO PUERTA,3,SIN NÚMERO,TOTAL PLAY,TERRESTRE,EN PROCESO DE INSTALACIÓN
114952T,09NDI0062V,CENDI SE SDN NIÑOS HEROES DE CHAPULTEPEC,19.43896083,-99.21652389,AVENIDA,GENERAL JUAN CABRAL,SIN NÚMERO,SIN NÚMERO,TOTAL PLAY,TERRESTRE,EN PROCESO DE INSTALACIÓN
114951T,09NDI0576T,CENDI GDF SAN MIGUEL CHAPULTEPEC,19.39583111,-99.2262825,AVENIDA,CONSITUYENTES,SIN NÚMERO,SIN NÚMERO,TOTAL PLAY,TERRESTRE,EN PROCESO DE INSTALACIÓN
114950T,09NDI0085F,CENDI IMSS 9 TIPO B,19.44470944,-99.21472361,CALLE,PRESA SALINILLAS,SIN NÚMERO,SIN NÚMERO,TOTAL PLAY,TERRESTRE,EN PROCESO DE INSTALACIÓN
114949T,09NDI0690L,CENDI NIÑOS HEROES DE CHAPULTEPEC NO. DOS,19.43511417,-99.21909583,CALLE,DOMICILIO CONOCIDO,SIN NÚMERO,SIN NÚMERO,TOTAL PLAY,TERRESTRE,EN PROCESO DE INSTALACIÓN
114948T,09NDI0110O,CENDI SP LOTERIA NACIONAL,19.43694861,-99.14955972,CALLE,BASILIO BADILLO,45,SIN NÚMERO,TOTAL PLAY,TERRESTRE,EN PROCESO DE INSTALACIÓN
114947T,09NDI0003F,ESTANCIA PARA EL BIENESTAR Y DESARROLLO INFANTIL NÚMERO 10,19.43916917,-99.15543056,CALLE,EZEQUIEL MONTES,111,SIN NÚMERO,TOTAL PLAY,TERRESTRE,EN PROCESO DE INSTALACIÓN
114946T,09DPR2342Y,RODOLFO MENENDEZ,19.43613944,-99.12889028,CALLE,SAN ILDEFONSO,59,SIN NÚMERO,TOTAL PLAY,TERRESTRE,EN PROCESO DE INSTALACIÓN
114945T,09DJN0311A,TONATIUH,19.43421139,-99.12642694,CALLE,REPÚBLICA DE GUATEMALA,124,SIN NÚMERO,TOTAL PLAY,TERRESTRE,EN PROCESO DE INSTALACIÓN
114944T,09DBN0094U,PABLO MORENO,19.43935333,-99.13262083,CALLE,REPÚBLICA DE BOLIVIA,12,SIN NÚMERO,TOTAL PLAY,TERRESTRE,EN PROCESO DE INSTALACIÓN
114943T,09DES4007B,JOSE MANUEL RAMOS,19.42580944,-99.13526833,CALLE,5 DE FEBRERO,90,SIN NÚMERO,TOTAL PLAY,TERRESTRE,EN PROCESO DE INSTALACIÓN
114942T,09DES4006C,CARLOTA JASO,19.43638111,-99.12997167,CALLE,SAN IDELFONSO,46,SIN NÚMERO,TOTAL PLAY,TERRESTRE,EN PROCESO DE INSTALACIÓN
114941T,09DPR2146W,REPUBLICA DE PANAMA,19.43741444,-99.12927611,CALLE,CARMEN,39,SIN NÚMERO,TOTAL PLAY,TERRESTRE,EN PROCESO DE INSTALACIÓN
114940T,09NDI0688X,CENDI GLORIA LEDUC DE AGÜERO,19.43439583,-99.14310611,AVENIDA,JUAREZ,8,SIN NÚMERO,TOTAL PLAY,TERRESTRE,EN PROCESO DE INSTALACIÓN
114939T,09NDI0622O,CENDI GDF PINGUI,19.43702889,-99.12835028,CALLE,REPÚBLICA DE VENEZUELA,72,SIN NÚMERO,TOTAL PLAY,TERRESTRE,EN PROCESO DE INSTALACIÓN
114938T,09NDI0462R,CENDI ARTICULO 123 CONSTITUCIONAL DE LA SCJ DE LA NACION,19.42300778,-99.13681139,CALLE,CHIMALPOPOCA,112,SIN NÚMERO,TOTAL PLAY,TERRESTRE,EN PROCESO DE INSTALACIÓN
114937T,09NDI0331Z,CENDI SE PRESIDENCIA DE LA REPUBLICA,19.42682389,-99.12953,CALLE,REPÚBLICA DE GUATEMALA,84,SIN NÚMERO,TOTAL PLAY,TERRESTRE,EN PROCESO DE INSTALACIÓN
114936T,09NDI0306Z,CENDI ING. FERNANDO ESPINO AREVALO,19.42801111,-99.14393528,CALLE,DELICIAS,45,SIN NÚMERO,TOTAL PLAY,TERRESTRE,EN PROCESO DE INSTALACIÓN
114935T,09NDI0266P,CENDI PUGIBET,19.42972722,-99.14420583,CALLE,PUGIBET,21,SIN NÚMERO,TOTAL PLAY,TERRESTRE,EN PROCESO DE INSTALACIÓN
114934T,09NDI0258G,CENDI PROFA GRISELDA ALVAREZ,19.44085,-99.13554583,CALLE,HONDURAS,43,SIN NÚMERO,TOTAL PLAY,TERRESTRE,EN PROCESO DE INSTALACIÓN
114933T,09NDI0256I,CENDI SAN LUCAS,19.42435722,-99.13169361,CALLE,NEZAHUALCÓYOTL,SIN NÚMERO,SIN NÚMERO,TOTAL PLAY,TERRESTRE,EN PROCESO DE INSTALACIÓN
114932T,09NDI0251N,CENDI MIXCALCO,19.43449306,-99.12584167,CALLE,MANUEL DOBLADO,SIN NÚMERO,SIN NÚMERO,TOTAL PLAY,TERRESTRE,EN PROCESO DE INSTALACIÓN
114931T,09NDI0097K,CENDI IMSS 23 TIPO B,19.42845861,-99.14847056,CALLE,BALDERAS,126,A,TOTAL PLAY,TERRESTRE,EN PROCESO DE INSTALACIÓN
114930T,09DES0245B,ANGEL TRIAS ALVAREZ,19.44243083,-99.13225361,CALLE,REPÚBLICA DE ECUADOR,SIN NÚMERO,SIN NÚMERO,TOTAL PLAY,TERRESTRE,EN PROCESO DE INSTALACIÓN
114929T,09NDI0391N,ESTANCIA PARA EL BIENESTAR Y DESARROLLO INFANTIL NÚMERO 12,19.45137833,-99.1408425,CALLE,LERDO,SIN NÚMERO,SIN NÚMERO,TOTAL PLAY,TERRESTRE,EN PROCESO DE INSTALACIÓN
114928T,09NDI0100H,CENDI IMSS 26 TIPO B,19.45453167,-99.14030667,CALLE,DEPORTIVO 5 DE MAYO,SIN NÚMERO,SIN NÚMERO,TOTAL PLAY,TERRESTRE,EN PROCESO DE INSTALACIÓN
114927T,09NDI0019G,ESTANCIA PARA EL BIENESTAR Y DESARROLLO INFANTIL NÚMERO 11,19.45701639,-99.14736806,CALLE,MANUEL GONZÁLEZ,430,SIN NÚMERO,TOTAL PLAY,TERRESTRE,EN PROCESO DE INSTALACIÓN
114926T,09UDI0002Q,CENDI MASCARONES UNAM,19.44116111,-99.12968528,CALLE,AMADO NERVO,72,SIN NÚMERO,TOTAL PLAY,TERRESTRE,EN PROCESO DE INSTALACIÓN
114925T,09NDI0395J,CENDI IMSS 21 TIPO B,19.43329556,-99.15982667,CALLE,SADI CARNOT,113 Y 115,SIN NÚMERO,TOTAL PLAY,TERRESTRE,EN PROCESO DE INSTALACIÓN
114924T,09DJN0728X,XOCHIPILLI,19.42040667,-99.13579194,CALLE,5 DE FEBRERO,188,SIN NÚMERO,TOTAL PLAY,TERRESTRE,EN PROCESO DE INSTALACIÓN
114923T,09NDI0082I,ESTANCIA PARA EL BIENESTAR Y DESARROLLO INFANTIL NÚMERO 151,19.42078556,-99.13427528,CALLE,LUCAS ALAMAN,178,SIN NÚMERO,TOTAL PLAY,TERRESTRE,EN PROCESO DE INSTALACIÓN
114922T,09DSN0003M,BATALLON DE SAN PATRICIO,19.42493833,-99.15812111,AVENIDA,CHAPULTEPEC,183,SIN NÚMERO,TOTAL PLAY,TERRESTRE,EN PROCESO DE INSTALACIÓN
114921T,09DSN0002N,GUADALUPE RUSS MONDRAGON,19.42727722,-99.15755722,CALLE,LIVERPOOL,40,SIN NÚMERO,TOTAL PLAY,TERRESTRE,EN PROCESO DE INSTALACIÓN
114920T,09DJN0726Z,GUADALUPE CAMPOS SOLIS,19.42857083,-99.15405944,CALLE,ABRAHAM GONZÁLEZ,80,SIN NÚMERO,TOTAL PLAY,TERRESTRE,EN PROCESO DE INSTALACIÓN
114919T,09NDI0261U,CENDI INSURGENTES,19.42454778,-99.1656025,CALLE,LONDRES,154,SIN NÚMERO,TOTAL PLAY,TERRESTRE,EN PROCESO DE INSTALACIÓN
114918T,09NDI0248Z,CENDI JUAREZ,19.42564417,-99.15509528,AVENIDA,CHAPULTEPEC,SIN NÚMERO,SIN NÚMERO,TOTAL PLAY,TERRESTRE,EN PROCESO DE INSTALACIÓN
114917T,09DPR2420L,FRAY LUIS DE LEON,19.442175,-99.14646222,CALLE,PEDRO MORENO,141,SIN NÚMERO,TOTAL PLAY,TERRESTRE,EN PROCESO DE INSTALACIÓN
114916T,09DBN0121A,DR. BELISARIO DOMINGUEZ,19.4390075,-99.14722778,CALLE,HEROES,25,SIN NÚMERO,TOTAL PLAY,TERRESTRE,EN PROCESO DE INSTALACIÓN
114915T,09DPR2321L,IGNACIO M. ALTAMIRANO,19.43946583,-99.14712333,CALLE,HEROES,27,SIN NÚMERO,TOTAL PLAY,TERRESTRE,EN PROCESO DE INSTALACIÓN
114914T,09DJN0749J,MA. DE LA LUZ RIVERA DE YSUNZA,19.44570361,-99.14174333,CERRADA,DE CAMELIA,9,SIN NÚMERO,TOTAL PLAY,TERRESTRE,EN PROCESO DE INSTALACIÓN
114913T,09DJN0744O,AMADO NERVO,19.44384917,-99.14453889,CALLE,MOCTEZUMA,123,SIN NÚMERO,TOTAL PLAY,TERRESTRE,EN PROCESO DE INSTALACIÓN
114912T,09DJN0743P,HERBERT SPENCER,19.44102806,-99.14677056,CALLE,HEROES,53,SIN NÚMERO,TOTAL PLAY,TERRESTRE,EN PROCESO DE INSTALACIÓN
114911T,09NDI0535T,CENDI GDF NO. 6,19.44289056,-99.15221444,CALLE,LUIS D. COLOSIO,SIN NÚMERO,SIN NÚMERO,TOTAL PLAY,TERRESTRE,EN PROCESO DE INSTALACIÓN
114910T,09NDI0488Z,CENDI SE GOBERNACION MARGARITA MAZA JUAREZ,19.44044972,-99.14709389,CALLE,HEROES,44,SIN NÚMERO,TOTAL PLAY,TERRESTRE,EN PROCESO DE INSTALACIÓN
114909T,09NDI0377U,CENDI P.G.R.,19.44082194,-99.14128139,CALLE,PEDRO MORENO,109,SIN NÚMERO,TOTAL PLAY,TERRESTRE,EN PROCESO DE INSTALACIÓN
114908T,09NDI0267O,CENDI MARTINEZ DE LA TORRE,19.44558556,-99.14450778,CALLE,DEGOLLADO,SIN NÚMERO,SIN NÚMERO,TOTAL PLAY,TERRESTRE,EN PROCESO DE INSTALACIÓN
114907T,09NDI0106B,CENDI IMSS 32 TIPO B,19.45276583,-99.14741917,CALLE,RICARDO F MAGON Y ZARAGOZA,298,SIN NÚMERO,TOTAL PLAY,TERRESTRE,EN PROCESO DE INSTALACIÓN
114906T,09NDI0009Z,ESTANCIA PARA EL BIENESTAR Y DESARROLLO INFANTIL NÚMERO 95,19.44012722,-99.14604889,CALLE,ZARCO,47,SIN NÚMERO,TOTAL PLAY,TERRESTRE,EN PROCESO DE INSTALACIÓN
114905T,09NDI0005D,CENDI SE S.R.E. ROSARIO CASTELLANOS,19.44979194,-99.13705278,CALLE,RICARDO FLORES MAGÓN,2,SIN NÚMERO,TOTAL PLAY,TERRESTRE,EN PROCESO DE INSTALACIÓN
114904T,09DPR1319Q,REVOLUCION,19.42712667,-99.14809361,CALLE,ARCOS DE BELÉN,82,SIN NÚMERO,TOTAL PLAY,TERRESTRE,EN PROCESO DE INSTALACIÓN
114903T,09DJN0742Q,ANEXO CENTRO ESCOLAR REVOLUCION,19.42695917,-99.14748833,CALLE,ARCOS DE BELÉN,SIN NÚMERO,SIN NÚMERO,TOTAL PLAY,TERRESTRE,EN PROCESO DE INSTALACIÓN
114902T,09NDI0581E,CENDI IMSS 46 TIPO B,19.43743972,-99.16072611,CALLE,GUILLERMO PRIETO,18,SIN NÚMERO,TOTAL PLAY,TERRESTRE,EN PROCESO DE INSTALACIÓN
114901T,09NDI0477T,CENDI IMSS 35 TIPO B,19.42290083,-99.17065611,AVENIDA,SEVILLA,33,SIN NÚMERO,TOTAL PLAY,TERRESTRE,EN PROCESO DE INSTALACIÓN
114900T,09NDI0257H,CENDI ISABEL LA CATOLICA,19.42713,-99.13712778,CALLE,BERNARDO COUTO,SIN NÚMERO,SIN NÚMERO,TOTAL PLAY,TERRESTRE,EN PROCESO DE INSTALACIÓN
114899T,09DPR2465H,ENRIQUE C. REBSAMEN,19.25456972,-99.01170694,CALLE,IGNACIO ZARAGOZA,SIN NÚMERO,SIN NÚMERO,TOTAL PLAY,TERRESTRE,EN PROCESO DE INSTALACIÓN
114898T,09DPR2684U,CRISTOBAL COLON,19.24846694,-99.12363667,AVENIDA,DEL TRABAJO Y CUAUHTEMOC,SIN NÚMERO,SIN NÚMERO,TOTAL PLAY,TERRESTRE,EN PROCESO DE INSTALACIÓN
114897T,09DJN1252I,TLAHUIZ,19.24752167,-99.11987167,PROLONGACIÓN,AQUILES SERDAN,SIN NÚMERO,SIN NÚMERO,TOTAL PLAY,TERRESTRE,EN PROCESO DE INSTALACIÓN
114896T,09NDI0665M,CENDI GDF SANTIAGO TEPALCATLALPAN,19.24580583,-99.11869333,CALLE,2DA. DE AQUILES SERDÁN,10,SIN NÚMERO,TOTAL PLAY,TERRESTRE,EN PROCESO DE INSTALACIÓN
114895T,09DPR2720I,CARLOS GARCIA,19.24382083,-99.09341167,CALLE,NARCISO MENDOZA,19,SIN NÚMERO,TOTAL PLAY,TERRESTRE,EN PROCESO DE INSTALACIÓN
114894T,09DSN0080R,NICOLAS BRAVO,19.263462,-99.104913,CALLE,ISIDRO TAPIA,SIN NÚMERO,SIN NÚMERO,TOTAL PLAY,TERRESTRE,EN PROCESO DE INSTALACIÓN
114893T,09DPR2013F,JUAREZ Y CONSTITUCION,19.263462,-99.104913,CALLE,FRANCISCO PRESA 3,SIN NÚMERO,SIN NÚMERO,TOTAL PLAY,TERRESTRE,EN PROCESO DE INSTALACIÓN
114856T,09DES4180J,OCTAVIO PAZ,19.24612778,-99.11409639,CAMINO,CAMINO REAL MATEO Y ACUEDUCTO,SIN NÚMERO,SIN NÚMERO,TOTAL PLAY,TERRESTRE,EN PROCESO DE INSTALACIÓN
114855T,09DJN1221P,CALLIALTEPEC,19.263462,-99.104913,CALLE,PARAJE DE TLACHIULTEPEC,SIN NÚMERO,SIN NÚMERO,TOTAL PLAY,TERRESTRE,EN PROCESO DE INSTALACIÓN
114854T,09DJN1212H,IGNACIO RAMIREZ,19.25430944,-99.01106528,CALLE,HERMENEGILDO GALEANA,11,SIN NÚMERO,TOTAL PLAY,TERRESTRE,VISITA FALLIDA
114853T,09DST0112D,ESCUELA SECUNDARIA TECNICA 112,19.27162611,-99.23578833,CERRADA,SABINO,SIN NÚMERO,SIN NÚMERO,TOTAL PLAY,TERRESTRE,INSTALADO
114852T,09DST0019Y,ESCUELA SECUNDARIA TECNICA 19,19.2684,-99.22362,CALLE,CUERVO,SIN NÚMERO,SIN NÚMERO,TOTAL PLAY,TERRESTRE,INSTALADO
114851T,09DPR1997O,TIBURCIO MONTIEL,19.25331222,-99.17312778,CALLE,5 DE MAYO,55,SIN NÚMERO,TOTAL PLAY,TERRESTRE,VISITA FALLIDA
114850T,09DPR1988G,CAJEME,19.25074806,-99.17150917,CALLE,MORELOS,10,SIN NÚMERO,TOTAL PLAY,TERRESTRE,VISITA FALLIDA
114849T,09DJN0559S,CUAUHTEMOC,19.25243222,-99.1734825,CALLE,REFORMA,SIN NÚMERO,SIN NÚMERO,TOTAL PLAY,TERRESTRE,INSTALADO
114848T,09DES0324O,ALFONSO CASO ANDRADE,19.28225528,-99.03974333,AVENIDA,GUILLERMO PRIETO,SIN NÚMERO,SIN NÚMERO,TOTAL PLAY,TERRESTRE,EN PROCESO DE INSTALACIÓN
114847T,09DSN0084N,JUAN PALOMO MARTINEZ,19.29377694,-98.99623194,EJE VIAL,10 SUR,SIN NÚMERO,SIN NÚMERO,TOTAL PLAY,TERRESTRE,EN PROCESO DE INSTALACIÓN
114846T,09DJN1382B,YOACALLI,19.28544167,-98.99672667,CALLE,MAR DE LOS VAPORES,SIN NÚMERO,SIN NÚMERO,TOTAL PLAY,TERRESTRE,VISITA FALLIDA
114845T,09DES4304B,JUAN RULFO,19.30500056,-99.04204278,CALLE,MANUEL M LÓPEZ,SIN NÚMERO,SIN NÚMERO,TOTAL PLAY,TERRESTRE,EN PROCESO DE INSTALACIÓN
114844T,09DJN1056G,LIC. JESUS REYES HEROLES,19.29387611,-99.05854083,AVENIDA,GITANA,SIN NÚMERO,SIN NÚMERO,TOTAL PLAY,TERRESTRE,EN PROCESO DE INSTALACIÓN
114843T,09DES4154L,REPUBLICA DE CUBA,19.29158861,-99.01321972,CALLE,OJO DE AGUA,SIN NÚMERO,SIN NÚMERO,TOTAL PLAY,TERRESTRE,EN PROCESO DE INSTALACIÓN
114842T,09DJN1408T,ARBOLEDAS,19.31145528,-99.04744611,CALLE,SANTA CRUZ,SIN NÚMERO,SIN NÚMERO,TOTAL PLAY,TERRESTRE,EN PROCESO DE INSTALACIÓN
114841T,09DPR2074T,GREGORIO TORRES QUINTERO,19.27072972,-98.99850111,CALLE,FRANCISCO JAVIER MINA,SIN NÚMERO,SIN NÚMERO,TOTAL PLAY,TERRESTRE,EN PROCESO DE INSTALACIÓN
114840T,09DPR4003M,LUIS PENICHE VALLADO,19.31221972,-99.03796306,AVENIDA,CECILIO ACOSTA,SIN NÚMERO,SIN NÚMERO,TOTAL PLAY,TERRESTRE,VISITA FALLIDA
114839T,09DJN1383A,CHANTICO,19.30436833,-99.04056472,CALLE,FF.CC. RAFAEL ATLIXCO,SIN NÚMERO,SIN NÚMERO,TOTAL PLAY,TERRESTRE,VISITA FALLIDA
114838T,09DJN1206X,CITLALI,19.29621889,-99.03612167,CARRETERA,CARRETERA TLÁHUAC KILÓMETRO 22.5,SIN NÚMERO,SIN NÚMERO,TOTAL PLAY,TERRESTRE,VISITA FALLIDA
114769T,09DPR2056D,PLAN DE GUADALUPE,19.29681722,-99.03725389,CALLE,RICARDO FLORES MAGÓN,SIN NÚMERO,SIN NÚMERO,TOTAL PLAY,TERRESTRE,EN PROCESO DE INSTALACIÓN
114760T,09DPR5133M,JAIME SABINES,19.30328917,-99.03748806,AVENIDA,SAN RAFAEL ATLIXCO,3490,SIN NÚMERO,TOTAL PLAY,TERRESTRE,EN PROCESO DE INSTALACIÓN
114789T,09DPR0019M,DANIEL COSIO VILLEGAS,19.31200667,-99.03766361,AVENIDA,CECILIO ACOSTA,SIN NÚMERO,SIN NÚMERO,TOTAL PLAY,TERRESTRE,EN PROCESO DE INSTALACIÓN
114788T,09DST0102X,ESCUELA SECUNDARIA TECNICA 102,19.270566,-99.004846,CALLE,GUADALAJARA,SIN NÚMERO,SIN NÚMERO,TOTAL PLAY,TERRESTRE,EN PROCESO DE INSTALACIÓN
114786T,09DJN1243A,JUAN E. HERNANDEZ Y DAVALOS,19.24615417,-98.99540583,CALLE,MIGUEL NEGRETE,SIN NÚMERO,SIN NÚMERO,TOTAL PLAY,TERRESTRE,EN PROCESO DE INSTALACIÓN
114775T,09DES4162U,FRANCISCO MONTERDE,19.24223083,-98.99336222,CALLE,ÁLVARO OBREGÓN,SIN NÚMERO,SIN NÚMERO,TOTAL PLAY,TERRESTRE,EN PROCESO DE INSTALACIÓN
114772T,09DJN1163P,TEZCATLIPOCA,19.29201611,-99.03919167,CALLE,ADOLFO UNDA,SIN NÚMERO,SIN NÚMERO,TOTAL PLAY,TERRESTRE,EN PROCESO DE INSTALACIÓN
114771T,09DPR2575N,PLAN DE AYALA,19.29394111,-99.01454556,CALLE,VICENTE GUERRERO,8,SIN NÚMERO,TOTAL PLAY,TERRESTRE,EN PROCESO DE INSTALACIÓN
114770T,09DJN1397D,YAXCHE,19.29723833,-99.05666361,CALLE,GITANA,SIN NÚMERO,SIN NÚMERO,TOTAL PLAY,TERRESTRE,EN PROCESO DE INSTALACIÓN
114768T,09DJN0690A,BRIGIDA GARCIA DE JUAREZ,19.29708611,-99.06161056,CALLE,JOSÉ LUGO GUERRERO,SIN NÚMERO,SIN NÚMERO,TOTAL PLAY,TERRESTRE,EN PROCESO DE INSTALACIÓN
114766T,09DPR2251G,MA. MAGDALENA PACHECO BLANCO,19.29682028,-99.06253833,CALLE,LA TURBA,198,SIN NÚMERO,TOTAL PLAY,TERRESTRE,EN PROCESO DE INSTALACIÓN
114765T,09NDI0115J,CENDI GDF TLAHUAC,19.26812472,-99.00476333,CALLE,HERMENEGILDO GALEANA,122,SIN NÚMERO,TOTAL PLAY,TERRESTRE,EN PROCESO DE INSTALACIÓN
114764T,09DPR4513O,SALVADOR NAVA MARTINEZ,19.37079028,-99.24064806,AVENIDA,DIAZ ORDAZ,SIN NÚMERO,SIN NÚMERO,TOTAL PLAY,TERRESTRE,EN PROCESO DE INSTALACIÓN
114763T,09DJN1278Q,YOLOPATLI,19.3706825,-99.2408075,AVENIDA,GUSTAVO DÍAZ ORDAZ,SIN NÚMERO,SIN NÚMERO,TOTAL PLAY,TERRESTRE,EN PROCESO DE INSTALACIÓN
114761T,09NDI0650K,CENDI CADI JALALPA,19.4,-99.2,AVENIDA,DIAZ ORDAZ,SIN NÚMERO,SIN NÚMERO,TOTAL PLAY,TERRESTRE,EN PROCESO DE INSTALACIÓN
114759T,09NDI0374X,CENDI IMSS V TIPO A,19.38230861,-99.23883778,CALLE,PLAZA DE LAS FLORES,SIN NÚMERO,SIN NÚMERO,TOTAL PLAY,TERRESTRE,EN PROCESO DE INSTALACIÓN
114758T,09DPR5016X,JOSE MARIA TAPIA FREYDING,19.35737194,-99.254565,CALLE,MORELOS,19,SIN NÚMERO,TOTAL PLAY,TERRESTRE,EN PROCESO DE INSTALACIÓN
114756T,09DES4231Z,SIGMUND FREUD,19.38428583,-99.22987028,AVENIDA,VASCO DE QUIROGA,1355,SIN NÚMERO,TOTAL PLAY,TERRESTRE,EN PROCESO DE INSTALACIÓN
114755T,09NDI0091Q,CENDI IMSS 16 TIPO B,19.4,-99.2,CALLE,PEDRO LUIS OGAZON,80,SIN NÚMERO,TOTAL PLAY,TERRESTRE,EN PROCESO DE INSTALACIÓN
114754T,09NDI0652I,CENDI CADI EL POCITO,19.38155083,-99.20901222,AVENIDA,MINAS,80,SIN NÚMERO,TOTAL PLAY,TERRESTRE,EN PROCESO DE INSTALACIÓN
114753T,09NDI0630X,CENDI GDF BARRIO NORTE,19.37973667,-99.204665,CALLE,ADOLFO LÓPEZ MATEOS,SIN NÚMERO,SIN NÚMERO,TOTAL PLAY,TERRESTRE,EN PROCESO DE INSTALACIÓN
114752T,09DES4009Z,TEUTLI,19.21788917,-98.9956025,AVENIDA,DE LAS PALMAS,SIN NÚMERO,SIN NÚMERO,TOTAL PLAY,TERRESTRE,EN PROCESO DE INSTALACIÓN
114743T,09DPR4103L,ROSA VILLANUEVA RAMOS,19.21414583,-98.99221083,CALLE,BARRANCA SECA,SIN NÚMERO,SIN NÚMERO,TOTAL PLAY,TERRESTRE,EN PROCESO DE INSTALACIÓN
114785T,09DJN1381C,MA. CRISTINA TOVAR MENA,19.21443972,-98.9928275,CALLE,BARRANCA SECA,SIN NÚMERO,SIN NÚMERO,TOTAL PLAY,TERRESTRE,EN PROCESO DE INSTALACIÓN
114780T,09DPR5126C,RAMON G. BONFIL,19.21397972,-98.99219,CALLE,BARRANCA SECA,SIN NÚMERO,SIN NÚMERO,TOTAL PLAY,TERRESTRE,EN PROCESO DE INSTALACIÓN
114778T,09DJN0689L,AMELIA FIERRO BANDALA,19.21972278,-98.99588167,AVENIDA,CUAUHTEMOC,38,SIN NÚMERO,TOTAL PLAY,TERRESTRE,EN PROCESO DE INSTALACIÓN
114776T,09NDI0640D,CENDI GDF YOLCAYOTL IN TOCONEHUAN,19.21698417,-98.99015083,AVENIDA,5 DE MAYO,SIN NÚMERO,SIN NÚMERO,TOTAL PLAY,TERRESTRE,EN PROCESO DE INSTALACIÓN
114774T,09DJN1431U,MARIA IZQUIERDO,19.36813639,-99.03579778,CALLE,BATALLA 5 DE MAYO,SIN NÚMERO,SIN NÚMERO,TOTAL PLAY,TERRESTRE,EN PROCESO DE INSTALACIÓN
114757T,09DJN1333T,MARIA IZQUIERDO,19.36789667,-99.035925,CALLE,BATALLA 5 DE MAYO,SIN NÚMERO,SIN NÚMERO,TOTAL PLAY,TERRESTRE,EN PROCESO DE INSTALACIÓN
114742T,09DJN0676H,MOLINXOCHIO,19.37056861,-99.06892222,CALLE,GABRIELA MISTRAL,SIN NÚMERO,SIN NÚMERO,TOTAL PLAY,TERRESTRE,EN PROCESO DE INSTALACIÓN
114787T,09DPR3240H,CONSTITUYENTE CELESTINO PEREZ Y PEREZ,19.36700722,-99.00157833,AVENIDA,SENTIMIENTO A LA NACIÓN,SIN NÚMERO,SIN NÚMERO,TOTAL PLAY,TERRESTRE,EN PROCESO DE INSTALACIÓN
114784T,09DJN1269I,ERMITA ZARAGOZA,19.36475083,-98.99709056,AVENIDA,CONGRESO DE CHILPANCINGO SUR,SIN NÚMERO,SIN NÚMERO,TOTAL PLAY,TERRESTRE,EN PROCESO DE INSTALACIÓN
114781T,09DJN1131X,COCONE,19.36287667,-98.99936361,ANDADOR,SÁNCHEZ ARREOLA,SIN NÚMERO,SIN NÚMERO,TOTAL PLAY,TERRESTRE,EN PROCESO DE INSTALACIÓN
114779T,09DJN0553Y,CONSTITUCION DE 1917,19.36648361,-98.99400639,RETORNO,4TO DE APATZINGAN 3ER SECCION,SIN NÚMERO,SIN NÚMERO,TOTAL PLAY,TERRESTRE,EN PROCESO DE INSTALACIÓN
114777T,09DJN1247X,TEOCALLI,19.31200806,-99.07624722,CALLE,UNIDAD NACIONAL,SIN NÚMERO,SIN NÚMERO,TOTAL PLAY,TERRESTRE,EN PROCESO DE INSTALACIÓN
114773T,09DST0114B,ESCUELA SECUNDARIA TECNICA 114,19.36883917,-99.03854444,CALLE,SEBASTIÁN BARRIGUETE,SIN NÚMERO,SIN NÚMERO,TOTAL PLAY,TERRESTRE,EN PROCESO DE INSTALACIÓN
114762T,09UDI0006M,CENDI ZARAGOZA UNAM,19.38388528,-99.04369361,CALLE,GRAN DÉCADA NACIONAL,SIN NÚMERO,SIN NÚMERO,TOTAL PLAY,TERRESTRE,EN PROCESO DE INSTALACIÓN
114767T,09DJN1372V,IMMANTI,19.31981111,-99.03673528,CAMINO,"CAMINO VIEJO A ZAPOTITLA, ESQUINA MISAEL NUÑEZ",SIN NÚMERO,SIN NÚMERO,TOTAL PLAY,TERRESTRE,EN PROCESO DE INSTALACIÓN
114722T,09DJN1323M,BLAS GALINDO,19.38365333,-99.04311611,PROLONGACIÓN,TELECOMUNICACIONES FTE,10,SIN NÚMERO,TOTAL PLAY,TERRESTRE,EN PROCESO DE INSTALACIÓN
114709T,09DJN0447O,MACUIZOCHITL,19.37917917,-99.06992417,CALLE,BATALLA DE LOMA ALTA,SIN NÚMERO,SIN NÚMERO,TOTAL PLAY,TERRESTRE,EN PROCESO DE INSTALACIÓN
114708T,09DPR3074Z,LEANDRO VALLE,19.37736417,-99.06993194,CALLE,GUERRA DE REFORMA,38,SIN NÚMERO,TOTAL PLAY,TERRESTRE,EN PROCESO DE INSTALACIÓN
114704T,09DPR4183N,JULIO CORTAZAR,19.38472222,-99.03807944,AVENIDA,JUAN CRISÓSTOMO BONILLA,SIN NÚMERO,SIN NÚMERO,TOTAL PLAY,TERRESTRE,EN PROCESO DE INSTALACIÓN
114698T,09DES4303C,FRIDA KAHLO,19.3837925,-99.04427944,CALLE,GRAN DÉCADA NACIONAL,SIN NÚMERO,SIN NÚMERO,TOTAL PLAY,TERRESTRE,EN PROCESO DE INSTALACIÓN
114692T,09DJN1111J,MULUM,19.38491333,-99.03842722,CALLE,CRISÓSTOMO BONILLA,SIN NÚMERO,SIN NÚMERO,TOTAL PLAY,TERRESTRE,EN PROCESO DE INSTALACIÓN
114691T,09DPR3081J,REPUBLICA SOCIALISTA DE VIETNAM,19.33951944,-99.01764583,CALLE,PAPAYA,2,SIN NÚMERO,TOTAL PLAY,TERRESTRE,EN PROCESO DE INSTALACIÓN
114690T,09DJN1261Q,NAHIBI,19.34092972,-99.01661917,CALLE,TEJOCOTES,SIN NÚMERO,SIN NÚMERO,TOTAL PLAY,TERRESTRE,EN PROCESO DE INSTALACIÓN
114688T,09DJN0045U,PROFR. ANTONIO I. DELGADO,19.35318972,-99.06480028,CALLE,AMÉRICA,SIN NÚMERO,SIN NÚMERO,TOTAL PLAY,TERRESTRE,EN PROCESO DE INSTALACIÓN
114679T,09DJN1099E,TLAQUETZQUI,19.29569861,-99.07023972,CALLE,CLAVELES,SIN NÚMERO,SIN NÚMERO,TOTAL PLAY,TERRESTRE,EN PROCESO DE INSTALACIÓN
114678T,09DPR5084U,TIERRA Y LIBERTAD,19.35246611,-98.98989639,CALLE,DIEGO RIVERA,SIN NÚMERO,SIN NÚMERO,TOTAL PLAY,TERRESTRE,EN PROCESO DE INSTALACIÓN
114675T,09DPR5082W,MELCHOR OCAMPO,19.34778139,-98.9930025,AVENIDA,DE LAS TORRES,SIN NÚMERO,SIN NÚMERO,TOTAL PLAY,TERRESTRE,EN PROCESO DE INSTALACIÓN
114627T,09DPR3299G,PROFRA. MARIA HAZAS VARGAS,19.34683694,-98.99530944,CALLE,PIPILA,2,SIN NÚMERO,TOTAL PLAY,TERRESTRE,EN PROCESO DE INSTALACIÓN
114669T,09DPR3263S,PROFR. GAUDENCIO PERAZA,19.34892083,-98.98955417,AVENIDA,UNIÓN DE COLONOS,6,SIN NÚMERO,TOTAL PLAY,TERRESTRE,EN PROCESO DE INSTALACIÓN
114667T,09DJN1004A,CITLALICUE,19.34941667,-98.98930667,CALLE,UNIÓN DE COLONOS,SIN NÚMERO,SIN NÚMERO,TOTAL PLAY,TERRESTRE,EN PROCESO DE INSTALACIÓN
114666T,09DJN1003B,CITLALICUE,19.34941333,-98.98930806,CALLE,UNIÓN DE COLONOS,SIN NÚMERO,SIN NÚMERO,TOTAL PLAY,TERRESTRE,EN PROCESO DE INSTALACIÓN
114665T,09DES4249Z,MEXICO TENOCHTITLAN,19.32816139,-99.04402611,CALLE,MANUEL CAÑAS Y VILLA BRAS,SIN NÚMERO,SIN NÚMERO,TOTAL PLAY,TERRESTRE,EN PROCESO DE INSTALACIÓN
114664T,09DJN1135T,TIHUITL,19.33778389,-99.02171333,CALLE,EMILIANO ZAPATA,22,SIN NÚMERO,TOTAL PLAY,TERRESTRE,EN PROCESO DE INSTALACIÓN
114658T,09DPR4190X,RAFAEL DONDE,19.34997417,-98.997235,CALLE,BANDERA,18,SIN NÚMERO,TOTAL PLAY,TERRESTRE,EN PROCESO DE INSTALACIÓN
114657T,09DPR2807N,ARTURO ROSENBLUETH,19.35261222,-98.99631472,CALLE,MATAMOROS,1,SIN NÚMERO,TOTAL PLAY,TERRESTRE,EN PROCESO DE INSTALACIÓN
27533,09DES0075Y,DIONISIA ZAMORA PALLARES,19.408193,-99.10997,AVENIDA,MORELOS,639,SIN NÚMERO,TOTAL PLAY,TERRESTRE,OPERACIÓN
27529,09DES0070C,MAHATMA MOHANDAS GANDHI,19.444245,-99.101541,AVENIDA,MARRUECOS,SIN NÚMERO,SIN NÚMERO,TOTAL PLAY,TERRESTRE,OPERACIÓN
27525,09DES0064S,JOSÉ CALVO SAUCEDO,19.452,-99.1112,CALLE,ESTAÑO,SIN NÚMERO,SIN NÚMERO,AXTEL,TERRESTRE,OPERACIÓN
27505,09DES0040I,DON MELCHOR OCAMPO,19.435063,-99.096753,CALLE,NORTE 29,63,SIN NÚMERO,TOTAL PLAY,TERRESTRE,OPERACIÓN
27181,09DPR0940G,LUIS CABRERA,19.412469,-99.114934,CALLE,RAMÓN PRIDA,41,SIN NÚMERO,TOTAL PLAY,TERRESTRE,OPERACIÓN
27177,09DPR2200Z,SIRIA,19.442344,-99.099652,CALLE,JAPÓN,SIN NÚMERO,SIN NÚMERO,TOTAL PLAY,TERRESTRE,OPERACIÓN
27170,09DPR2732N,EXPROPIACION PETROLERA,19.447336,-99.113827,PROLONGACIÓN,PLOMEROS,SIN NÚMERO,SIN NÚMERO,OPERBES,TERRESTRE,OPERACIÓN
27147,09DPR2099B,CEYLAN,19.422584,-99.112944,RETORNO,3,SIN NÚMERO,SIN NÚMERO,TOTAL PLAY,TERRESTRE,OPERACIÓN
27135,09DPR2558X,ESTADOS UNIDOS DE AMÉRICA,19.416848,-99.111722,CALLE,FRANCISCO DEL PASO Y TRONCOSO,SIN NÚMERO,SIN NÚMERO,TOTAL PLAY,TERRESTRE,OPERACIÓN
27128,09DPR1087Q,HEROES DE ZACAPOAXTLA,19.43188,-99.098304,CALLE,NORTE 21,110 BIS,SIN NÚMERO,TOTAL PLAY,TERRESTRE,OPERACIÓN
27094,09DPR0922R,REPUBLICA POPULAR CHINA,19.409487,-99.115566,CALLE,PLAZUELA DE LA REVOLUCIÓN,16,SIN NÚMERO,TOTAL PLAY,TERRESTRE,INSTALADO
27082,09DPR0981G,ESTADOS UNIDOS MEXICANOS,19.417382,-99.108682,RETORNO,9 DE GENARO GARCÍA,SIN NÚMERO,SIN NÚMERO,TOTAL PLAY,TERRESTRE,OPERACIÓN
27080,09DPR2438K,ESTADO DE MICHOACAN,19.44733,-99.113795,PROLONGACIÓN,PLOMEROS,SIN NÚMERO,SIN NÚMERO,OPERBES,TERRESTRE,OPERACIÓN
27072,09DPR2103Y,CIUDAD PROCER DE GUANAJUATO,19.420923,-99.109283,RETORNO,2 DE DOCTOR NICOLÁS LEÓN,SIN NÚMERO,SIN NÚMERO,TOTAL PLAY,TERRESTRE,OPERACIÓN
27047,09DPR2450F,ERASMO CASTELLANOS QUINTO,19.408343,-99.119831,CALLE,RÍO FRÍO,SIN NÚMERO,SIN NÚMERO,OPERBES,TERRESTRE,OPERACIÓN
27013,09DPR2889N,REPUBLICA DEL ECUADOR,19.419058,-99.11642,CALLE,SUR 105,1420,SIN NÚMERO,TOTAL PLAY,TERRESTRE,OPERACIÓN
26995,09DPR1044S,PLAN DE AYUTLA,19.445687,-99.096284,CALLE,TRANSVAAL,SIN NÚMERO,SIN NÚMERO,TOTAL PLAY,TERRESTRE,OPERACIÓN
26972,09DPR2319X,NARCISO MENDOZA,19.455397,-99.122557,CALLE,PLATINO,SIN NÚMERO,SIN NÚMERO,OPERBES,TERRESTRE,OPERACIÓN
26915,09DPR1032N,REPUBLICA DE PERU,19.441947,-99.08737,CALLE,NORTE 176,576,SIN NÚMERO,OPERBES,TERRESTRE,OPERACIÓN
26898,09DPR1085S,HERMENEGILDO GALEANA,19.438345,-99.084596,AVENIDA,QUETZALCÓATL,SIN NÚMERO,SIN NÚMERO,TOTAL PLAY,TERRESTRE,INSTALADO
26895,09DPR2112F,VOCEADORES DE MÉXICO,19.418356,-99.118827,CALLE,ZOQUIPA,SIN NÚMERO,SIN NÚMERO,TOTAL PLAY,TERRESTRE,OPERACIÓN
26887,09DPR0958F,ALFONSO REYES,19.444242,-99.101532,CALLE,GENERAL GERTRUDIS SÁNCHEZ,102,SIN NÚMERO,TOTAL PLAY,TERRESTRE,OPERACIÓN
26854,09DPR2428D,ESTADO DE TAMAULIPAS,19.413996,-99.118186,AVENIDA,DEL TALLER,344,SIN NÚMERO,TOTAL PLAY,TERRESTRE,OPERACIÓN
26848,09DPR2710B,FRANCISCO DE P. MIRANDA,19.416371,-99.09312,AVENIDA,4,SIN NÚMERO,SIN NÚMERO,TOTAL PLAY,TERRESTRE,OPERACIÓN
26839,09DPR0970A,ESTADO DE PUEBLA,19.429013,-99.105521,CALLE,PLAZA AVIACIÓN,4,SIN NÚMERO,TOTAL PLAY,TERRESTRE,OPERACIÓN
26829,09DPR1029Z,ROBERTO LARA Y LOPEZ,19.444297,-99.098319,CALLE,PERSIA,70 Y 72,SIN NÚMERO,TOTAL PLAY,TERRESTRE,OPERACIÓN
26794,09DPR2409P,DOCTOR MIGUEL SILVA,19.449373,-99.110162,AVENIDA,EDUARDO MOLINA,43,SIN NÚMERO,OPERBES,TERRESTRE,OPERACIÓN
26780,09DPR1069A,JUAN CRISÓSTOMO BONILLA,19.409304,-99.084113,AVENIDA,FRANCISCO MORAZÁN,SIN NÚMERO,SIN NÚMERO,TOTAL PLAY,TERRESTRE,OPERACIÓN
26779,09DPR1007O,24 DE FEBRERO,19.43188,-99.098304,CALLE,NORTE 21,110,SIN NÚMERO,TOTAL PLAY,TERRESTRE,OPERACIÓN
26745,09DPR1037I,RAFAEL VALENZUELA,19.411912,-99.093146,CALLE,31,SIN NÚMERO,SIN NÚMERO,TOTAL PLAY,TERRESTRE,OPERACIÓN
26735,09DPR0953K,ANAHUAXOCHITL,19.437993,-99.095023,CALLE,PABLO R. SIDAR,SIN NÚMERO,SIN NÚMERO,TOTAL PLAY,TERRESTRE,OPERACIÓN
26733,09DPR2244X,REPUBLICA DE NIGERIA,19.422695,-99.106046,RETORNO,4 MANUEL RIVERA CAMBAS,SIN NÚMERO,SIN NÚMERO,OPERBES,TERRESTRE,OPERACIÓN
26727,09DPR1082V,HEROES DE 1914,19.425154,-99.096096,CALLE,ORIENTE 178,SIN NÚMERO,SIN NÚMERO,TOTAL PLAY,TERRESTRE,OPERACIÓN
26704,09DPR1059U,DOCTORA MARGARITA CHORNE Y SALAZAR,19.427918,-99.095163,CALLE,ORIENTE 176,SIN NÚMERO,SIN NÚMERO,TOTAL PLAY,TERRESTRE,OPERACIÓN
26636,09DPR0975W,ESTADO DE ISRAEL,19.419835,-99.101205,RETORNO,52 DE CECILIO ROBELO,SIN NÚMERO,SIN NÚMERO,TOTAL PLAY,TERRESTRE,OPERACIÓN
26632,09DPR1054Z,NORUEGA,19.423984,-99.10767,RETORNO,5 RIVERA CAMBAS,SIN NÚMERO,SIN NÚMERO,TOTAL PLAY,TERRESTRE,OPERACIÓN
26631,09DPR0977U,LICENCIADO ERNESTO ENRÍQUEZ,19.443456,-99.097848,CALLE,DAMASCO,82,SIN NÚMERO,TOTAL PLAY,TERRESTRE,OPERACIÓN
26564,09DPR0947Z,ÁNGEL DE CAMPO,19.427365,-99.095467,CALLE,ORIENTE 176,SIN NÚMERO,SIN NÚMERO,TOTAL PLAY,TERRESTRE,OPERACIÓN
26556,09DPR2570S,REPUBLICA DE YUGOSLAVIA,19.419513,-99.116373,CALLE,SUR 105 Y ORIENTE 30,SIN NÚMERO,SIN NÚMERO,TOTAL PLAY,TERRESTRE,OPERACIÓN
26554,09DPR2522I,GENERAL FELIPE ANGELES,19.446735,-99.11166,CALLE,PLOMEROS,SIN NÚMERO,SIN NÚMERO,OPERBES,TERRESTRE,OPERACIÓN
26538,09DPR1015X,TEZIUTLAN,19.418928,-99.092178,CALLE,GOBERNACIÓN,72,SIN NÚMERO,TOTAL PLAY,TERRESTRE,OPERACIÓN
26510,09DPR0974X,ESTADO DE MEXICO,19.444884,-99.100363,CALLE,MÁRTIRES DE CHICAGO,SIN NÚMERO,SIN NÚMERO,TOTAL PLAY,TERRESTRE,OPERACIÓN
26509,09DPR0964Q,LICENCIADO FERNANDO CASAS ALEMÁN,19.447934,-99.092153,CALLE,FLORINES,SIN NÚMERO,SIN NÚMERO,TOTAL PLAY,TERRESTRE,OPERACIÓN
26501,09DPR2313C,ARTEMIO DE VALLE ARIZPE,19.414901,-99.118616,PRIVADA,CUCURPE,10,SIN NÚMERO,TOTAL PLAY,TERRESTRE,OPERACIÓN
26476,09DPR2208S,REPUBLICA DE ISLANDIA,19.442137,-99.087696,CALLE,NORTE 174,SIN NÚMERO,SIN NÚMERO,OPERBES,TERRESTRE,OPERACIÓN
26461,09DPR0961T,PROFESOR GONZALO PEÑA TRONCOSO,19.413365,-99.076408,CALLE,SIMÓN AUDENARD,SIN NÚMERO,SIN NÚMERO,TOTAL PLAY,TERRESTRE,OPERACIÓN
26429,09DPR1027B,SIMON BOLIVAR,19.447988,-99.097363,CALLE,CANTÓN,SIN NÚMERO,SIN NÚMERO,TOTAL PLAY,TERRESTRE,OPERACIÓN
26428,09DPR0990O,CLUB DE LEONES NUMERO 2,19.4477,-99.091457,CALLE,FLORINES,SIN NÚMERO,SIN NÚMERO,TOTAL PLAY,TERRESTRE,OPERACIÓN
26395,09DPR1074M,MAESTRO JOSÉ MARIANÚMERO PONTÓN,19.415999,-99.086958,CALLE,ECONOMÍA,SIN NÚMERO,SIN NÚMERO,TOTAL PLAY,TERRESTRE,OPERACIÓN
26393,09DPR0992M,CINCO DE MAYO,19.431172,-99.109596,CALLE,FRANCISCO ESPEJEL,92,SIN NÚMERO,TOTAL PLAY,TERRESTRE,OPERACIÓN
26367,09DPR0954J,AMÉRICAS UNIDAS,19.442551,-99.096549,CALLE,MARRUECOS,94,SIN NÚMERO,TOTAL PLAY,TERRESTRE,OPERACIÓN
26344,09DPR1034L,REPUBLICA DE LIBERIA,19.415512,-99.100802,RETORNO,29 DE FRAY SERVANDO TERESA DE MIER,SIN NÚMERO,SIN NÚMERO,TOTAL PLAY,TERRESTRE,OPERACIÓN
26337,09DPR1061I,MANUEL M. PONCE,19.439127,-99.107744,CALZADA,DEL PEÑÓN,SIN NÚMERO,SIN NÚMERO,OPERBES,TERRESTRE,INSTALADO
26336,09DPR2205V,MARRUECOS,19.438453,-99.085827,CALLE,RÍO CONSULADO,SIN NÚMERO,SIN NÚMERO,TOTAL PLAY,TERRESTRE,OPERACIÓN
26335,09DPR2396B,IGNACIO ALLENDE,19.456437,-99.121701,CALLE,PLOMO,113,SIN NÚMERO,OPERBES,TERRESTRE,OPERACIÓN
26235,09DIX0034F,ESCUELA DE PARTICIPACION SOCIAL NUMERO 2,19.415674,-99.086872,CALLE,ECONOMÍA,SIN NÚMERO,SIN NÚMERO,TOTAL PLAY,TERRESTRE,OPERACIÓN
22660,-,BIBLIOTECA PÚBLICA VICENTE GUERRERO,19.4406297,-99.1065302,CERRADA,DE VICENTE GUERRERO,SIN NÚMERO,SIN NÚMERO,TOTAL PLAY,TERRESTRE,OPERACIÓN
22657,09BBI0286Z,BIBLIOTECA PÚBLICA ISSSTE NÚMERO 5,19.420053,-99.0996519,RETORNO,1 DE GALINDO Y VILLA,SIN NÚMERO,SIN NÚMERO,TOTAL PLAY,TERRESTRE,OPERACIÓN
22656,-,BIBLIOTECA PÚBLICA DOCTOR MARIO DE LA CUEVA,19.433496,-99.097586,CALLE,ORIENTE 158,225,SIN NÚMERO,TOTAL PLAY,TERRESTRE,OPERACIÓN
22654,-,BIBLIOTECA PÚBLICA ISSSTE BALBUENA,19.4115239,-99.1012841,AVENIDA,DEL TALLER,707,SIN NÚMERO,OPERBES,TERRESTRE,OPERACIÓN
22651,-,BIBLIOTECA PÚBLICA JOSÉ MARÍA PINÚMERO SUÁREZ,19.406333,-99.126002,CALZADA,DE LA VIGA,SIN NÚMERO,SIN NÚMERO,TOTAL PLAY,TERRESTRE,OPERACIÓN
22650,-,BIBLIOTECA PÚBLICA PROFESOR FELIPE MADERA LAUTERIO,19.418764,-99.100773,RETORNO,26 DE FRAY SERVANDO TERESA DE MIER,SIN NÚMERO,SIN NÚMERO,TOTAL PLAY,TERRESTRE,OPERACIÓN
22649,-,BIBLIOTECA PÚBLICA ENRIQUE TIERNÚMERO GALVÁN,19.431993,-99.109517,CALLE,FRANCISCO ESPEJEL,96,SIN NÚMERO,TOTAL PLAY,TERRESTRE,OPERACIÓN
22648,-,BIBLIOTECA PÚBLICA JAIME TORRES BODET,19.419485,-99.087791,CALLE,GLORIETA DEL PODER EJECUTIVO,SIN NÚMERO,SIN NÚMERO,TOTAL PLAY,TERRESTRE,OPERACIÓN
22647,-,BIBLIOTECA PÚBLICA VENUSTIANÚMERO CARRANZA,19.41886,-99.115005,CALLE,LÁZARO PAVIA,226,SIN NÚMERO,TOTAL PLAY,TERRESTRE,OPERACIÓN
22646,-,BIBLIOTECA PÚBLICA OCTAVIO PAZ LOZANO,19.416648,-99.093818,CALLE,17,31,SIN NÚMERO,TOTAL PLAY,TERRESTRE,OPERACIÓN
22645,-,BIBLIOTECA PÚBLICA CENTRO DE DESARROLLO INTEGRAL DE LA FAMILIA ROSARIO CASTELLANOS (D,19.423474,-99.090221,CALLE,ASISTENCIA PÚBLICA,SIN NÚMERO,SIN NÚMERO,TOTAL PLAY,TERRESTRE,INSTALADO
22587,-,BIBLIOTECA PÚBLICA JESÚS REYES HEROLES,19.419262,-99.113701,CALLE,FRANCISCO AYALA,123,SIN NÚMERO,TOTAL PLAY,TERRESTRE,OPERACIÓN
22585,-,BIBLIOTECA PÚBLICA XOCONGO,19.419262,-99.113701,CALLE,XOCONGO,SIN NÚMERO,SIN NÚMERO,TOTAL PLAY,TERRESTRE,OPERACIÓN
22545,-,BIBLIOTECA CENTRAL DELEGACIONAL PROFESOR JESÚS ROMERO,19.417951,-99.1199716,CALLE,LUCAS ALAMÁN,11,SIN NÚMERO,TOTAL PLAY,TERRESTRE,OPERACIÓN
22532,-,BIBLIOTECA PÚBLICA CENTRO DE DESARROLLO COMUNITARIO VENUSTIANÚMERO CARRANZA (DIF,19.4248354,-99.1141566,CALLE,LÁZARO PAVIA,SIN NÚMERO,SIN NÚMERO,TOTAL PLAY,TERRESTRE,OPERACIÓN
113179,09NDI0362S,CENDI GDF CARMEN SERDAN,19.40421917,-99.20238028,CALLE,SUR 128,53,SIN NÚMERO,OPERBES,TERRESTRE,INSTALADO
113178,09NDI0696F,CENDI REFORMA SOCIAL,19.40666667,-99.19111111,CALLE,SIERRA SANTA ROSA,SIN NÚMERO,SIN NÚMERO,OPERBES,TERRESTRE,INSTALADO
111333,-,CENDI GDF MEXICO NUEVO,19.4526856,-99.2005294,CALLE,LAGO XIMILPA . SIN NÚMERO SIN NÚMERO,SIN NÚMERO,SIN NÚMERO,OPERBES,TERRESTRE,OPERACIÓN
111332,-,AQUILES SERDAN,19.4623006,-99.1916003,CALLE,DE CAÑITO SIN NÚMERO SIN NÚMERO,SIN NÚMERO,SIN NÚMERO,OPERBES,TERRESTRE,INSTALADO
111331,-,CENTRO DE DESARROLLO INFANTIL GOBIERNO DEL DISTRITO FEDERAL GASCASONICA,19.407269,-99.190754,NINGUNO,NINGUNO,SIN NÚMERO,SIN NÚMERO,OPERBES,TERRESTRE,OPERACIÓN
111330,9NDI693I,CENDI CANEGUIN,19.4066667,-99.1911111,CALLE,LAGO CANEGUIN 130 SIN NÚMERO,SIN NÚMERO,SIN NÚMERO,OPERBES,TERRESTRE,INSTALADO
111328,-,CENDI GDF ZACATITO,19.458225,-99.2079472,CALLE,LAGO YAPURA Y RIO TLACOTALPAN SIN NÚMERO SIN NÚMERO,SIN NÚMERO,SIN NÚMERO,OPERBES,TERRESTRE,OPERACIÓN
111127,09DML0035M,CENTRO DE ATENCIÓN MÚLTIPLE NÚMERO 34,19.409111,-99.193099,CALLE,GENERAL JOSE MORAN NO 36 DANIEL GARZA,SIN NÚMERO,SIN NÚMERO,AXTEL,TERRESTRE,OPERACIÓN
111099,09DDI0018A,CENTRO DE DESARROLLO INFANTIL SEP NÚMERO 18 MARGARITA MAZA DE JUÁREZ,19.42308,-99.195496,NINGUNO,NINGUNO,SIN NÚMERO,SIN NÚMERO,TOTAL PLAY,TERRESTRE,IMPLEMENTADO
111098,09DJN0677G,EL PIPILA,19.41215,-99.192042,CALLE,ELECTRIFICACION,SIN NÚMERO,SIN NÚMERO,TOTAL PLAY,TERRESTRE,INSTALADO
111097,09DJN0678F,PONCIANO G. PADILLA,19.408478,-99.202903,AVENIDA,BOSQUES,18,SIN NÚMERO,TOTAL PLAY,TERRESTRE,INSTALADO
100755,09NDI0027P,ESTANCIA PARA EL BIENESTAR Y DESARROLLO INFANTIL NÚMERO 55,19.408861,-99.185277,CALLE,JOAQUINA PEREZ,7,SIN NÚMERO,TOTAL PLAY,TERRESTRE,IMPLEMENTADO
100754,09DJN0308N,OFELIA CUEVAS DE RODRIGUEZ,19.43592834,-99.17563629,CALLE,SHAKESPEARE,4,SIN NÚMERO,TOTAL PLAY,TERRESTRE,OPERACIÓN
100753,09NDI0496H,ESTANCIA PARA EL BIENESTAR Y DESARROLLO INFANTIL NÚMERO 156,19.432878,-99.193272,CALLE,ARISTOTELES,135,SIN NÚMERO,TOTAL PLAY,TERRESTRE,IMPLEMENTADO
100752,09NDI0509V,ESTANCIA PARA EL BIENESTAR Y DESARROLLO INFANTIL NÚMERO 27,19.423145,-99.20631,CALLE,MONTES URALES,800,SIN NÚMERO,TOTAL PLAY,TERRESTRE,IMPLEMENTADO
100751,09NDI0152N,FARO-CENDI PARQUE LIRA,19.404263,-99.187716,AVENIDA,PARQUE LIRA,94,SIN NÚMERO,TOTAL PLAY,TERRESTRE,OPERACIÓN
100750,09NDI0150P,CENTRO DE DESARROLLO INFANTIL GOBIERNO DEL DISTRITO FEDERAL MARGARITA MAZA DE JUÁREZ,19.398506,-99.187637,CALLE,HEROES DE 1810,SIN NÚMERO,SIN NÚMERO,TOTAL PLAY,TERRESTRE,OPERACIÓN
100749,09NDI0160W,CENTRO DE DESARROLLO INFANTIL GOBIERNO DEL DISTRITO FEDERAL TACUBA,19.458175,-99.187303,CALLE,CALZ MEX. TACUBA Y GOLFO DE BENGALA,SIN NÚMERO,SIN NÚMERO,TOTAL PLAY,TERRESTRE,OPERACIÓN
100748,09NDI0459D,CENTRO DE DESARROLLO INFANTIL GOBIERNO DEL DISTRITO FEDERAL DOCTOR RUBEN LEÑERO,19.451035,-99.169157,CALLE,PLAN DE SAN LUIS Y DIAZ MIRON 2: PISO,SIN NÚMERO,SIN NÚMERO,TOTAL PLAY,TERRESTRE,INSTALADO
100746,09NDI0035Y,ESTANCIA PARA EL BIENESTAR Y DESARROLLO INFANTIL NÚMERO 41,19.448281,-99.166957,AVENIDA,DE LOS MAESTROS,114,SIN NÚMERO,TOTAL PLAY,TERRESTRE,OPERACIÓN
100745,09NDI0001H,ESTANCIA PARA EL BIENESTAR Y DESARROLLO INFANTIL NÚMERO 16,19.452058,-99.166336,AVENIDA,DE LOS MAESTROS Y MANUEL CARPIO,SIN NÚMERO,SIN NÚMERO,TOTAL PLAY,TERRESTRE,OPERACIÓN
100743,09DJN0197Z,JUSTO SIERRA,19.45521736,-99.17948151,CALLE,NOCHE TRISTE,SIN NÚMERO,SIN NÚMERO,TOTAL PLAY,TERRESTRE,OPERACIÓN
100741,09DJN0747L,ALTAGRACIA PADILLA,19.436994,-99.190505,CALLE,ARQUIMEDES,227,SIN NÚMERO,TOTAL PLAY,TERRESTRE,INSTALADO
100740,09DJN0037L,UNIDAD LEGARIA,19.450477,-99.202348,CALZADA,LEGARIA,410,SIN NÚMERO,TOTAL PLAY,TERRESTRE,INSTALADO
100739,09NDI0363R,CENTRO DE DESARROLLO INFANTIL GOBIERNO DEL DISTRITO FEDERAL JOSÉ MARÍA MORELOS Y PAVÓN,19.44906,-99.194611,CALLE,LAGO ERNE Y TRASIMERO,SIN NÚMERO,SIN NÚMERO,TOTAL PLAY,TERRESTRE,INSTALADO
100738,09NDI0154L,CENTRO DE DESARROLLO INFANTIL GOBIERNO DEL DISTRITO FEDERAL 18 DE MARZO,19.44906,-99.194611,CALLE,LAGO ERNE Y DANIEL CABRERA,146,SIN NÚMERO,TOTAL PLAY,TERRESTRE,INSTALADO
100737,09DJN0266E,REPÚBLICA FEDERAL DE ALEMANIA,19.4494381,-99.20025635,CALLE,LAGO SUIZA,252,SIN NÚMERO,TOTAL PLAY,TERRESTRE,INSTALADO
100736,09NDI0149Z,CENTRO DE DESARROLLO INFANTIL GOBIERNO DEL DISTRITO FEDERAL PRADO NORTE,19.427092,-99.212569,CALLE,PRADO NORTE Y EXPLANADA,SIN NÚMERO,SIN NÚMERO,TOTAL PLAY,TERRESTRE,OPERACIÓN
100735,09DJN0304R,ARQ. RAMIRO GONZÁLEZ DEL SORDO,19.44233322,-99.21041107,CALLE,PRESA SANTA ROSA,SIN NÚMERO,SIN NÚMERO,TOTAL PLAY,TERRESTRE,INSTALADO
100734,09NDI0078W,ESTANCIA PARA EL BIENESTAR Y DESARROLLO INFANTIL NÚMERO 155,19.445654,-99.20879,CALZADA,LEGARIA,662-A,SIN NÚMERO,TOTAL PLAY,TERRESTRE,OPERACIÓN
100733,09NDI0158H,CENTRO DE DESARROLLO INFANTIL GOBIERNO DEL DISTRITO FEDERAL GRANADA,19.441977,-99.192889,CALLE,FF CC DE CUERNAVACA Y R. SAN JOAQUIN,SIN NÚMERO,SIN NÚMERO,TOTAL PLAY,TERRESTRE,INSTALADO
100728,09DBN0050X,ESTADO DE HIDALGO,19.443167,-99.177922,AVENIDA,MARINA NACIONAL,222,SIN NÚMERO,TOTAL PLAY,TERRESTRE,INSTALADO
100727,09DJN0148Q,MARÍA LUISA DE LA TORRE,19.446788,-99.174829,CALLE,LAGO CHAPALA,33,SIN NÚMERO,TOTAL PLAY,TERRESTRE,INSTALADO
100724,09NDI0308Y,ESTANCIA PARA EL BIENESTAR Y DESARROLLO INFANTIL NÚMERO 46,19.442829,-99.174148,CALLE,LAGO CUITZEO 200,SIN NÚMERO,SIN NÚMERO,TOTAL PLAY,TERRESTRE,OPERACIÓN
100723,09NDI0157I,CENTRO DE DESARROLLO INFANTIL GOBIERNO DEL DISTRITO FEDERAL ANAHUAC,19.441271,-99.169258,CALLE,TLALOC,SIN NÚMERO,SIN NÚMERO,TOTAL PLAY,TERRESTRE,OPERACIÓN
100720,09DJN0792Y,MÉXICO,19.448985,-99.186689,CALLE,LAGO CONSTANZA,43,SIN NÚMERO,TOTAL PLAY,TERRESTRE,OPERACIÓN
86531,09DPR1106O,LIC. MANUEL GUAL VIDAL,19.442289,-99.210316,CALLE,PRESAS STA ROSA Y DON MARTIN COL. IRRIGACION NO.,SIN NÚMERO,SIN NÚMERO,TOTAL PLAY,TERRESTRE,OPERACIÓN
86530,09DPR1094Z,CANADA,19.432753,-99.220878,CALLE,BATALLAS DE CELAYA Y ORENDAIN COLONIA RESIDENCIAL MILITAR NO.,SIN NÚMERO,SIN NÚMERO,TOTAL PLAY,TERRESTRE,OPERACIÓN
86515,09DPR1025D,CHAPULTEPEC,19.419519,-99.217957,CALLE,PASEO DE LA REFORMA 1125 COL. LOMAS DE CHAPULTEPEC NO.,SIN NÚMERO,SIN NÚMERO,TOTAL PLAY,TERRESTRE,EN PROCESO DE INSTALACIÓN
86449,09DML0097Z,CENTRO DE ATENCIÓN MÚLTIPLE NÚMERO 16,19.448836,-99.178702,CALLE,"ANAHUAC I, LAGUNA DEL CARMEN Y LAGO TEXCOCO
 NO.",SIN NÚMERO,SIN NÚMERO,TOTAL PLAY,TERRESTRE,OPERACIÓN
86439,09DML0035M,CENTRO DE ATENCIÓN MÚLTIPLE NÚMERO 34,19.409111,-99.193099,CALLE,"DANIEL GARZA , GENERAL JOSE MORAN NO 36
 NO.",SIN NÚMERO,SIN NÚMERO,TOTAL PLAY,TERRESTRE,OPERACIÓN
86432,09DML0003U,CENTRO DE ATENCIÓN MÚLTIPLE NÚMERO 48,19.431013,-99.205888,CALLE,CAMPOS ELISEOS NO 477 COL.POLANCO REFORMA NO. 477,SIN NÚMERO,SIN NÚMERO,TOTAL PLAY,TERRESTRE,OPERACIÓN
86385,09DES0092O,REPÚBLICA DE COSTA RICA,19.455018,-99.208922,CALLE,ALLENDE Y SAN JOAQUIN COLONIA ARGENTINA ANTIGUA NO.,SIN NÚMERO,SIN NÚMERO,TOTAL PLAY,TERRESTRE,OPERACIÓN
86362,09FMB0006I,GUADALUPE CENICEROS DE ZAVALETA,19.445605,-99.168994,CALZADA,MEXICO-TACUBA COLONIA UN HOGAR PARA NOSOTROS NO. 75,SIN NÚMERO,SIN NÚMERO,TOTAL PLAY,TERRESTRE,OPERACIÓN
86361,09FMB0018N,CARMEN G. BASURTO,19.401596,-99.178504,CALLE,COMERCIO COLONIA ESCANDON NO. 114,SIN NÚMERO,SIN NÚMERO,TOTAL PLAY,TERRESTRE,OPERACIÓN
86343,-,ANAHUAC II,19.4416667,-99.1758333,CALLE,LAGO DE CHAPALA,SIN NÚMERO,SIN NÚMERO,TOTAL PLAY,TERRESTRE,OPERACIÓN
85893,09DPR2234Q,GENERAL LÁZARO CÁRDENAS DEL RÍO,19.407269,-99.190754,CALLE,CLUB DEPORTIVO UNIVERSIDAD,300,SIN NÚMERO,TOTAL PLAY,TERRESTRE,OPERACIÓN
85883,09DPR2145X,JUAN AMOS COMENIO,19.445798,-99.203843,CALLE,PRESA FALCÓN,SIN NÚMERO,SIN NÚMERO,TOTAL PLAY,TERRESTRE,INSTALADO
85847,09DPR1866W,DOCTOR JESÚS DÍAZ DE LEÓN,19.407269,-99.190754,CALLE,LEONARDO DA VINCI,170,SIN NÚMERO,TOTAL PLAY,TERRESTRE,INSTALADO
85846,09DPR1862Z,"ESC. PRIM. ANEXA A LA BENM ""REPUBLICA DEL BRASIL""",19.446243,-99.169636,CALZADA,MÉXICO-TACUBA,SIN NÚMERO,SIN NÚMERO,TOTAL PLAY,TERRESTRE,OPERACIÓN
85834,09DPR1807G,MANUEL MARIA CONTRERAS,19.414929,-99.18272,CALLE,PROTASIO TAGLE,SIN NÚMERO,SIN NÚMERO,TOTAL PLAY,TERRESTRE,OPERACIÓN
85831,09DPR1774F,EL PIPILA,19.41215,-99.192042,CALLE,CONSTITUYENTES,SIN NÚMERO,SIN NÚMERO,TOTAL PLAY,TERRESTRE,OPERACIÓN
85830,09DPR1771I,CLUB DE LEONES NÚMERO 8 ESTADO DE OAXACA,19.403984,-99.189313,AVENIDA,OBSERVATORIO,44,SIN NÚMERO,TOTAL PLAY,TERRESTRE,OPERACIÓN
85826,09DPR1740P,PROFESOR ADELAIDO RIOS Y MONTES DE OCA,19.438306,-99.169935,CALLE,QUETZALCÓATL,SIN NÚMERO,SIN NÚMERO,TOTAL PLAY,TERRESTRE,OPERACIÓN
85825,09DPR1736C,GENERAL ANDRÉS FIGUEROA,19.454252,-99.192379,CALLE,LAGO WINNIPEG,75,SIN NÚMERO,TOTAL PLAY,TERRESTRE,OPERACIÓN
85823,09DPR1726W,DAVID G. BERLANGA,19.438701,-99.169579,CALLE,MELCHOR OCAMPO,SIN NÚMERO,SIN NÚMERO,TOTAL PLAY,TERRESTRE,IMPLEMENTADO
85822,09DPR1720B,ESTADO DE GUERRERO,19.454583,-99.191905,CALLE,LAGO ONTARIO,SIN NÚMERO,SIN NÚMERO,TOTAL PLAY,TERRESTRE,OPERACIÓN
85821,09DPR1719M,ESTADO DE HIDALGO,19.443856,-99.178491,AVENIDA,MARINA NACIONAL,222,SIN NÚMERO,TOTAL PLAY,TERRESTRE,IMPLEMENTADO
85820,09DPR1707H,GENERAL IGNACIO ZARAGOZA,19.450542,-99.185879,CALLE,LAGO MAYOR,SIN NÚMERO,SIN NÚMERO,TOTAL PLAY,TERRESTRE,OPERACIÓN
76272,-,HORACIO,19.407269,-99.190754,CALLE,CARLOS LAZO,25,SIN NÚMERO,TOTAL PLAY,GRANDES ANCHOS DE BANDA,OPERACIÓN
76269,DFSSA003536,HOSPITAL PEDIÁTRICO TACUBAYA,19.4024,-99.1908,CALLE,ARQUITECTO CARLOS LAZO,25,SIN NÚMERO,TOTAL PLAY,GRANDES ANCHOS DE BANDA,OPERACIÓN
71315,-,GUARDERÍA ORDINARIA G-0041 MIGUEL HIDALGO,19.42716697,-99.17690701,CALLE,SHAKESPEARE,41,SIN NÚMERO,OPERBES,TERRESTRE,OPERACIÓN
71313,-,GUARDERÍA ORDINARIA G-0018 MIGUEL HIDALGO,19.45585,-99.17875,CALZADA,MÉXICO-TACUBA,501,SIN NÚMERO,OPERBES,TERRESTRE,OPERACIÓN
71312,-,GUARDERÍA ORDINARIA G-0009 MIGUEL HIDALGO,19.44483889,-99.21503611,CALLE,PRESA SALINILLAS,SIN NÚMERO,SIN NÚMERO,OPERBES,TERRESTRE,OPERACIÓN
71311,-,GUARDERÍA ORDINARIA G-0004 MIGUEL HIDALGO,19.44458191,-99.18266395,AVENIDA,MARIANO ESCOBEDO,180,SIN NÚMERO,OPERBES,TERRESTRE,OPERACIÓN
